"ID","Description","GeneRatio","BgRatio","pvalue","p.adjust","qvalue","geneID","Count"
"GO:0042110","T cell activation","91/507","464/18670",3.88468017704027e-52,1.52085228931127e-48,1.25250267181835e-48,"TNFRSF18/PLA2G2D/RUNX3/LCK/PTPN22/CD2/TNFAIP8L2/CD1C/SLAMF6/LY9/FCGR2B/XCL1/PTPRC/LAX1/CR1/CD8A/CD8B/ZAP70/CD28/CTLA4/ICOS/PDCD1/EOMES/CCR9/CCR2/BTLA/TIGIT/RHOH/IL7R/CAMK4/ITK/DOCK2/IRF4/RIPOR2/HLA-DOA/HLA-DPB1/TREML2/THEMIS/MYB/CCR6/CARD11/SIT1/TNFSF8/FUT7/APBB1IP/CD6/CD5/CCDC88B/JAML/CD3E/CD3D/CD3G/CD27/LAG3/CLECL1/KLRK1/WNT1/NCKAP1L/TESPA1/IFNG/TNFSF11/LCP1/GPR18/BATF/BCL11B/RASGRP1/NLRC3/SPN/CORO1A/ITGAL/NOD2/LGALS9B/CCR7/TBX21/CD7/EBI3/TMIGD2/CD70/VAV1/RASAL3/IL12RB1/LILRB1/SIRPG/SLA2/AIRE/RAC2/GRAP2/TNFRSF13C/WAS/SASH3/CD40LG",91
"GO:0030098","lymphocyte differentiation","67/507","353/18670",2.62100588384524e-37,5.13061901762706e-34,4.22533738011473e-34,"TNFRSF18/PLA2G2D/RUNX3/LCK/PTPN22/CD2/FCRL3/SLAMF6/LY9/FCGR2B/PTPRC/CR2/CR1/CD8A/ZAP70/ITGA4/CD28/CTLA4/INPP5D/EOMES/CCR9/CCR2/RHOH/IL7R/CAMK4/ITK/DOCK2/IRF4/HLA-DOA/THEMIS/MYB/CCR6/CARD11/IKZF1/TNFSF8/FUT7/MS4A1/CD3E/CD3D/CD3G/CD27/LAG3/AICDA/WNT1/NCKAP1L/TESPA1/IFNG/FLT3/GPR18/BATF/BCL11B/RASGRP1/CD19/SPN/IKZF3/CCR7/TBX21/CD79B/VAV1/PGLYRP2/IL12RB1/CD79A/POU2F2/AIRE/BTK/SASH3/CD40LG",67
"GO:0050863","regulation of T cell activation","62/507","314/18670",1.37584049755899e-35,1.79547184931449e-32,1.47866647158709e-32,"TNFRSF18/PLA2G2D/RUNX3/LCK/PTPN22/CD2/TNFAIP8L2/FCGR2B/XCL1/PTPRC/LAX1/CR1/ZAP70/CD28/CTLA4/ICOS/PDCD1/CCR2/BTLA/TIGIT/IL7R/CAMK4/IRF4/RIPOR2/HLA-DOA/HLA-DPB1/MYB/CARD11/SIT1/TNFSF8/CD6/CD5/CCDC88B/CD3E/CD27/LAG3/CLECL1/KLRK1/NCKAP1L/TESPA1/IFNG/TNFSF11/RASGRP1/SPN/CORO1A/NOD2/LGALS9B/CCR7/TBX21/EBI3/TMIGD2/CD70/VAV1/RASAL3/IL12RB1/LILRB1/SIRPG/RAC2/GRAP2/TNFRSF13C/SASH3/CD40LG",62
"GO:0051249","regulation of lymphocyte activation","75/507","485/18670",2.20189891043986e-35,2.15510855859301e-32,1.77484641123087e-32,"TNFRSF18/PLA2G2D/RUNX3/LCK/PTPN22/CD2/TNFAIP8L2/FCRL3/FCGR2B/XCL1/PTPRC/LAX1/CR1/ZAP70/CD28/CTLA4/ICOS/INPP5D/PDCD1/CCR2/BTLA/TIGIT/IL7R/CAMK4/MZB1/IRF4/RIPOR2/LST1/HLA-DOA/HLA-DPB1/MYB/CARD11/SIT1/TNFSF8/CD6/CD5/CCDC88B/CD3E/CD27/LAG3/CLECL1/KLRK1/NCKAP1L/TESPA1/IFNG/TNFSF11/RASGRP1/CD19/SPN/CORO1A/NOD2/TNFRSF13B/LGALS9B/IKZF3/CCR7/TBX21/EBI3/TMIGD2/CD70/VAV1/RASAL3/PGLYRP2/IL12RB1/CD22/LILRB1/SIRPG/SLA2/IGLL5/IGLL1/RAC2/GRAP2/TNFRSF13C/BTK/SASH3/CD40LG",75
"GO:0007159","leukocyte cell-cell adhesion","62/507","337/18670",1.01372936532574e-33,7.93750093050058e-31,6.53695378103738e-31,"PLA2G2D/RUNX3/LCK/PTPN22/TNFAIP8L2/FCGR2B/XCL1/SELL/PTPRC/LAX1/ZAP70/ITGA4/CD28/CTLA4/ICOS/PDCD1/CCR2/BTLA/TIGIT/IL7R/RIPOR2/TNF/HLA-DPB1/MYB/CARD11/CD6/CD5/CCDC88B/CD3E/CD27/LAG3/CLECL1/KLRK1/ITGB7/NCKAP1L/TESPA1/IFNG/SELPLG/TNFSF11/RASGRP1/SPN/CORO1A/ITGAL/NOD2/LGALS9B/CCR7/TBX21/SKAP1/EBI3/TMIGD2/CD70/VAV1/RASAL3/IL12RB1/LILRB1/SIRPG/ITGB2/RAC2/GRAP2/TNFRSF13C/SASH3/CD40LG",62
"GO:1903037","regulation of leukocyte cell-cell adhesion","57/507","304/18670",1.70745820124887e-31,1.11411647631489e-28,9.1753411761847e-29,"PLA2G2D/RUNX3/LCK/PTPN22/TNFAIP8L2/FCGR2B/XCL1/PTPRC/LAX1/ZAP70/ITGA4/CD28/CTLA4/ICOS/PDCD1/CCR2/BTLA/TIGIT/IL7R/RIPOR2/TNF/HLA-DPB1/MYB/CARD11/CD6/CD5/CCDC88B/CD3E/CD27/LAG3/CLECL1/KLRK1/NCKAP1L/TESPA1/IFNG/TNFSF11/RASGRP1/SPN/CORO1A/NOD2/LGALS9B/CCR7/TBX21/SKAP1/EBI3/TMIGD2/CD70/VAV1/RASAL3/IL12RB1/LILRB1/SIRPG/ITGB2/GRAP2/TNFRSF13C/SASH3/CD40LG",57
"GO:0030217","T cell differentiation","50/507","240/18670",5.73905337450526e-30,3.20977056588401e-27,2.64341661445257e-27,"TNFRSF18/PLA2G2D/RUNX3/LCK/PTPN22/CD2/SLAMF6/LY9/PTPRC/CR1/CD8A/ZAP70/CD28/CTLA4/EOMES/CCR9/CCR2/RHOH/IL7R/CAMK4/ITK/DOCK2/IRF4/HLA-DOA/THEMIS/MYB/CCR6/CARD11/TNFSF8/FUT7/CD3E/CD3D/CD3G/CD27/LAG3/WNT1/NCKAP1L/TESPA1/IFNG/GPR18/BATF/BCL11B/RASGRP1/SPN/CCR7/TBX21/VAV1/IL12RB1/AIRE/SASH3",50
"GO:1903039","positive regulation of leukocyte cell-cell adhesion","46/507","218/18670",6.83875013215356e-28,3.34671334592265e-25,2.75619627036663e-25,"RUNX3/LCK/XCL1/PTPRC/ZAP70/ITGA4/CD28/CTLA4/ICOS/PDCD1/CCR2/BTLA/IL7R/TNF/HLA-DPB1/MYB/CARD11/CD6/CD5/CCDC88B/CD3E/CD27/CLECL1/KLRK1/NCKAP1L/TESPA1/IFNG/TNFSF11/RASGRP1/CORO1A/NOD2/CCR7/SKAP1/EBI3/TMIGD2/CD70/VAV1/RASAL3/IL12RB1/LILRB1/SIRPG/ITGB2/GRAP2/TNFRSF13C/SASH3/CD40LG",46
"GO:0022407","regulation of cell-cell adhesion","59/507","403/18670",1.36703826637012e-26,5.94661645871001e-24,4.89735463145225e-24,"PLA2G2D/RUNX3/LCK/PTPN22/TNFAIP8L2/FCGR2B/XCL1/PTPRC/LAX1/ZAP70/ITGA4/CD28/CTLA4/ICOS/PDCD1/CCR2/BTLA/TIGIT/CXCL13/IL7R/RIPOR2/TNF/HLA-DPB1/MYB/CARD11/CD6/CD5/CCDC88B/CD3E/CD27/LAG3/CLECL1/KLRK1/WNT1/NCKAP1L/TESPA1/IFNG/TNFSF11/RASGRP1/SPN/CORO1A/NOD2/LGALS9B/CCR7/TBX21/SKAP1/EBI3/TMIGD2/CD70/VAV1/RASAL3/IL12RB1/LILRB1/SIRPG/ITGB2/GRAP2/TNFRSF13C/SASH3/CD40LG",59
"GO:0022409","positive regulation of cell-cell adhesion","47/507","255/18670",9.33611214113138e-26,3.65508790325294e-23,3.01015910403004e-23,"RUNX3/LCK/XCL1/PTPRC/ZAP70/ITGA4/CD28/CTLA4/ICOS/PDCD1/CCR2/BTLA/CXCL13/IL7R/TNF/HLA-DPB1/MYB/CARD11/CD6/CD5/CCDC88B/CD3E/CD27/CLECL1/KLRK1/NCKAP1L/TESPA1/IFNG/TNFSF11/RASGRP1/CORO1A/NOD2/CCR7/SKAP1/EBI3/TMIGD2/CD70/VAV1/RASAL3/IL12RB1/LILRB1/SIRPG/ITGB2/GRAP2/TNFRSF13C/SASH3/CD40LG",47
"GO:0050870","positive regulation of T cell activation","42/507","202/18670",2.80291067510632e-25,9.97581390276475e-23,8.21561282090971e-23,"RUNX3/LCK/XCL1/PTPRC/ZAP70/CD28/CTLA4/ICOS/PDCD1/CCR2/BTLA/IL7R/HLA-DPB1/MYB/CARD11/CD6/CD5/CCDC88B/CD3E/CD27/CLECL1/KLRK1/NCKAP1L/TESPA1/IFNG/TNFSF11/RASGRP1/CORO1A/NOD2/CCR7/EBI3/TMIGD2/CD70/VAV1/RASAL3/IL12RB1/LILRB1/SIRPG/GRAP2/TNFRSF13C/SASH3/CD40LG",42
"GO:0046651","lymphocyte proliferation","47/507","272/18670",1.72130201714277e-24,5.61574783092828e-22,4.6248667355336e-22,"PLA2G2D/PTPN22/FCRL3/FCGR2B/XCL1/PTPRC/CR2/ZAP70/CD28/CTLA4/INPP5D/CCR2/IL7R/GAPT/CD180/MZB1/DOCK2/LST1/HLA-DPB1/CARD11/TNFSF8/MS4A1/CD6/CCDC88B/CD3E/CLECL1/NCKAP1L/FLT3/CD19/SPN/CORO1A/TNFRSF13B/LGALS9B/IKZF3/EBI3/TMIGD2/CD70/RASAL3/IL12RB1/CD22/CD79A/LILRB1/RAC2/TNFRSF13C/BTK/SASH3/CD40LG",47
"GO:0032943","mononuclear cell proliferation","47/507","274/18670",2.38875999428277e-24,7.19384259816697e-22,5.92451162954505e-22,"PLA2G2D/PTPN22/FCRL3/FCGR2B/XCL1/PTPRC/CR2/ZAP70/CD28/CTLA4/INPP5D/CCR2/IL7R/GAPT/CD180/MZB1/DOCK2/LST1/HLA-DPB1/CARD11/TNFSF8/MS4A1/CD6/CCDC88B/CD3E/CLECL1/NCKAP1L/FLT3/CD19/SPN/CORO1A/TNFRSF13B/LGALS9B/IKZF3/EBI3/TMIGD2/CD70/RASAL3/IL12RB1/CD22/CD79A/LILRB1/RAC2/TNFRSF13C/BTK/SASH3/CD40LG",47
"GO:0070661","leukocyte proliferation","48/507","298/18670",1.3053048390008e-23,3.65019174620581e-21,3.00612685854094e-21,"PLA2G2D/PTPN22/FCRL3/FCGR2B/XCL1/PTPRC/CR2/ZAP70/CD28/CTLA4/INPP5D/CCR2/IL7R/GAPT/CD180/MZB1/DOCK2/LST1/HLA-DPB1/CARD11/TNFSF8/MS4A1/CD6/CCDC88B/CD3E/CLECL1/NCKAP1L/FLT3/TNFSF11/CD19/SPN/CORO1A/TNFRSF13B/LGALS9B/IKZF3/EBI3/TMIGD2/CD70/RASAL3/IL12RB1/CD22/CD79A/LILRB1/RAC2/TNFRSF13C/BTK/SASH3/CD40LG",48
"GO:0050851","antigen receptor-mediated signaling pathway","48/507","316/18670",1.77738174484283e-22,4.63896635403979e-20,3.82043528733586e-20,"LCK/FYB2/PTPN22/FCRL3/FCGR2B/CD247/PTPRC/LAX1/ZAP70/CD28/CTLA4/INPP5D/TRAT1/KLHL6/TXK/STAP1/FYB1/ITK/BTN1A1/HLA-DQA1/HLA-DQB2/HLA-DPB1/THEMIS/CARD11/LAT2/BLK/PAX5/MS4A1/CD3E/CD3D/CD3G/NCKAP1L/TESPA1/PRKCB/CD19/CCR7/SKAP1/CD79B/CD22/CD79A/KCNN4/SLA2/UBASH3A/IGLL5/IGLL1/GRAP2/WAS/BTK",48
"GO:0050867","positive regulation of cell activation","53/507","394/18670",3.37208402273716e-22,8.25106809313498e-20,6.79519300108152e-20,"RUNX3/LCK/CD2/FCRL3/XCL1/PTPRC/PLEK/ZAP70/CD28/CTLA4/ICOS/INPP5D/PDCD1/CCR2/BTLA/TLR6/STAP1/IL7R/HLA-DPB1/MYB/CARD11/CD6/CD5/CCDC88B/CD3E/CD27/CLECL1/KLRK1/NCKAP1L/TESPA1/IFNG/TNFSF11/RASGRP1/CORO1A/NOD2/CCR7/TBX21/EBI3/TMIGD2/CD70/VAV1/RASAL3/IL12RB1/LILRB1/SIRPG/ITGB2/IGLL5/IGLL1/GRAP2/TNFRSF13C/BTK/SASH3/CD40LG",53
"GO:0002696","positive regulation of leukocyte activation","52/507","380/18670",3.85982238059367e-22,8.88894389413189e-20,7.32051761718787e-20,"RUNX3/LCK/CD2/FCRL3/XCL1/PTPRC/ZAP70/CD28/CTLA4/ICOS/INPP5D/PDCD1/CCR2/BTLA/TLR6/STAP1/IL7R/HLA-DPB1/MYB/CARD11/CD6/CD5/CCDC88B/CD3E/CD27/CLECL1/KLRK1/NCKAP1L/TESPA1/IFNG/TNFSF11/RASGRP1/CORO1A/NOD2/CCR7/TBX21/EBI3/TMIGD2/CD70/VAV1/RASAL3/IL12RB1/LILRB1/SIRPG/ITGB2/IGLL5/IGLL1/GRAP2/TNFRSF13C/BTK/SASH3/CD40LG",52
"GO:0050900","leukocyte migration","59/507","499/18670",9.6194795162603e-22,2.09223679478662e-19,1.72306817300031e-19,"TNFRSF18/CNR2/LCK/MCOLN2/CD2/CD84/CD48/CD244/XCL2/XCL1/SELL/FCAMR/ZAP70/CXCR4/ITGA4/INPP5D/CCR2/CCR5/GPR15/STAP1/JCHAIN/CXCL9/CXCL11/CXCL13/SLC7A11/RIPOR2/TNF/GPSM3/CCR6/DOK2/FUT7/CALCA/JAML/CXCR5/KLRK1/PTPRO/ITGB7/NCKAP1L/SELPLG/TNFSF11/GPR18/CHGA/IL16/SPN/CORO1A/ITGAL/CCL22/CCL17/CCR7/TBX21/VAV1/CEACAM5/SIRPG/AIRE/ITGB2/IGLL1/VPREB3/RAC2/CXCR3",59
"GO:0051251","positive regulation of lymphocyte activation","48/507","334/18670",2.01409541782366e-21,4.15009661093664e-19,3.41782507744813e-19,"RUNX3/LCK/FCRL3/XCL1/PTPRC/ZAP70/CD28/CTLA4/ICOS/INPP5D/PDCD1/CCR2/BTLA/IL7R/HLA-DPB1/MYB/CARD11/CD6/CD5/CCDC88B/CD3E/CD27/CLECL1/KLRK1/NCKAP1L/TESPA1/IFNG/TNFSF11/RASGRP1/CORO1A/NOD2/CCR7/TBX21/EBI3/TMIGD2/CD70/VAV1/RASAL3/IL12RB1/LILRB1/SIRPG/IGLL5/IGLL1/GRAP2/TNFRSF13C/BTK/SASH3/CD40LG",48
"GO:0002449","lymphocyte mediated immunity","49/507","352/18670",3.07747326063304e-21,6.02415390768917e-19,4.96121084069421e-19,"CD1A/CD1C/CD1E/SLAMF6/SLAMF7/FCGR2B/XCL1/PTPRC/CR2/CR1/CD8A/CD28/INPP5D/CCR2/CD96/IL7R/GAPT/LTA/TNF/NCR3/C2/CCR6/CRTAM/CD27/LAG3/AICDA/KLRK1/BATF/RASGRP1/CD19/CORO1A/TBX21/GZMM/CD70/VAV1/FCER2/IL12RB1/POU2F2/LILRB1/NCR1/SLA2/AIRE/IGLL5/IGLL1/WAS/BTK/SH2D1A/SASH3/CD40LG",49
"GO:0050670","regulation of lymphocyte proliferation","38/507","208/18670",7.07477688447631e-21,1.3189405477488e-18,1.08621762391734e-18,"PLA2G2D/PTPN22/FCRL3/FCGR2B/XCL1/PTPRC/ZAP70/CD28/CTLA4/INPP5D/CCR2/MZB1/LST1/HLA-DPB1/CARD11/TNFSF8/CD6/CCDC88B/CD3E/CLECL1/NCKAP1L/SPN/CORO1A/TNFRSF13B/LGALS9B/IKZF3/EBI3/TMIGD2/CD70/RASAL3/IL12RB1/CD22/LILRB1/RAC2/TNFRSF13C/BTK/SASH3/CD40LG",38
"GO:0032944","regulation of mononuclear cell proliferation","38/507","209/18670",8.43365049672949e-21,1.500806440668e-18,1.23599385031016e-18,"PLA2G2D/PTPN22/FCRL3/FCGR2B/XCL1/PTPRC/ZAP70/CD28/CTLA4/INPP5D/CCR2/MZB1/LST1/HLA-DPB1/CARD11/TNFSF8/CD6/CCDC88B/CD3E/CLECL1/NCKAP1L/SPN/CORO1A/TNFRSF13B/LGALS9B/IKZF3/EBI3/TMIGD2/CD70/RASAL3/IL12RB1/CD22/LILRB1/RAC2/TNFRSF13C/BTK/SASH3/CD40LG",38
"GO:0070663","regulation of leukocyte proliferation","38/507","222/18670",7.5475895930112e-20,1.28473101115821e-17,1.05804425278688e-17,"PLA2G2D/PTPN22/FCRL3/FCGR2B/XCL1/PTPRC/ZAP70/CD28/CTLA4/INPP5D/CCR2/MZB1/LST1/HLA-DPB1/CARD11/TNFSF8/CD6/CCDC88B/CD3E/CLECL1/NCKAP1L/SPN/CORO1A/TNFRSF13B/LGALS9B/IKZF3/EBI3/TMIGD2/CD70/RASAL3/IL12RB1/CD22/LILRB1/RAC2/TNFRSF13C/BTK/SASH3/CD40LG",38
"GO:0002429","immune response-activating cell surface receptor signaling pathway","54/507","473/18670",2.89864167076508e-19,4.72840922543554e-17,3.89409624454098e-17,"LCK/FYB2/PTPN22/FCRL3/FCGR2B/CD247/PTPRC/LAX1/CR2/CR1/ZAP70/CD28/CTLA4/INPP5D/TRAT1/KLHL6/TXK/STAP1/FYB1/ITK/BTN1A1/NCR3/HLA-DQA1/HLA-DQB2/HLA-DPB1/THEMIS/CARD11/LAT2/BLK/PAX5/MS4A1/CD3E/CD3D/CD3G/KLRK1/NCKAP1L/TESPA1/PRKCB/CD19/CCR7/SKAP1/CD79B/VAV1/ICAM3/CD22/CD79A/KCNN4/SLA2/UBASH3A/IGLL5/IGLL1/GRAP2/WAS/BTK",54
"GO:0046631","alpha-beta T cell activation","30/507","138/18670",5.78728537859381e-19,9.0628889028779e-17,7.46377057458225e-17,"PLA2G2D/RUNX3/SLAMF6/LY9/XCL1/PTPRC/ZAP70/CD28/EOMES/CCR2/ITK/DOCK2/IRF4/MYB/TNFSF8/FUT7/CD3E/NCKAP1L/IFNG/GPR18/BATF/BCL11B/SPN/LGALS9B/TBX21/EBI3/RASAL3/IL12RB1/LILRB1/SASH3",30
"GO:0045785","positive regulation of cell adhesion","49/507","403/18670",1.04919364231415e-18,1.54938508572247e-16,1.27600094577345e-16,"TNFRSF18/RUNX3/LCK/XCL1/PTPRC/ZAP70/ITGA4/CD28/CTLA4/ICOS/PDCD1/CCR2/BTLA/CXCL13/IL7R/TNF/HLA-DPB1/MYB/CARD11/APBB1IP/CD6/CD5/CCDC88B/CD3E/CD27/CLECL1/KLRK1/NCKAP1L/TESPA1/IFNG/TNFSF11/RASGRP1/CORO1A/NOD2/CCR7/SKAP1/EBI3/TMIGD2/CD70/VAV1/RASAL3/IL12RB1/LILRB1/SIRPG/ITGB2/GRAP2/TNFRSF13C/SASH3/CD40LG",49
"GO:0042113","B cell activation","43/507","310/18670",1.06854143842929e-18,1.54938508572247e-16,1.27600094577345e-16,"FCRL3/FCRL1/FCGR2B/PTPRC/LAX1/CR2/ZAP70/ITGA4/CD28/CTLA4/INPP5D/IL7R/GAPT/CD180/MZB1/CCR6/CARD11/LAT2/MS4A1/CXCR5/CD27/AICDA/NCKAP1L/FLT3/BATF/PRKCB/CD19/NOD2/TNFRSF13B/IKZF3/TBX21/CD79B/CD70/CD22/CD79A/POU2F2/SLA2/IGLL5/IGLL1/TNFRSF13C/BTK/SASH3/CD40LG",43
"GO:0032609","interferon-gamma production","27/507","113/18670",2.53510010073109e-18,3.54461317655793e-16,2.91917729644335e-16,"PTPN22/CD2/SLAMF6/CD244/XCL1/EOMES/CCR2/CD96/TXK/ITK/LTA/TNF/HLA-DPB1/CD3E/KLRK1/NR1H4/RASGRP1/SPN/IRF8/LGALS9B/CCR7/EBI3/IL12RB1/LILRB1/TNFRSF13C/TLR7/SASH3",27
"GO:0045058","T cell selection","19/507","47/18670",4.33017069239136e-18,5.84573043472833e-16,4.81426963005253e-16,"SLAMF6/LY9/PTPRC/ZAP70/CD28/DOCK2/IRF4/THEMIS/CARD11/CD3E/CD3D/CD3G/BATF/BCL11B/SPN/CCR7/TBX21/IL12RB1/AIRE",19
"GO:0002460","adaptive immune response based on somatic recombination of immune receptors built from immunoglobulin superfamily domains","45/507","361/18670",1.11488497285274e-17,1.45492488957283e-15,1.19820795503437e-15,"CD1A/CD1C/CD1E/SLAMF6/LY9/FCGR2B/XCL1/PTPRC/CR2/CR1/CD8A/CD28/INPP5D/CCR2/KLHL6/CXCL13/IL7R/GAPT/IRF4/LTA/TNF/C2/CCR6/CD27/AICDA/BATF/CD19/SPN/TBX21/GZMM/EBI3/CD70/FCER2/IL12RB1/POU2F2/LILRB1/SLA2/AIRE/IGLL5/IGLL1/TNFRSF13C/WAS/BTK/SASH3/CD40LG",45
"GO:0002683","negative regulation of immune system process","51/507","463/18670",1.41095408997791e-17,1.78189847169791e-15,1.46748807388874e-15,"PLA2G2D/CNR2/RUNX3/PTPN22/TNFAIP8L2/FCRL3/CD84/FCGR2B/XCL1/PTPRC/LAX1/CR1/MIXL1/CTLA4/GPR55/INPP5D/PDCD1/CCR2/CD96/TIGIT/GPR171/TLR6/STAP1/IL7R/IRF4/RIPOR2/TNF/LST1/HLA-DOB/HLA-DOA/NLRP6/TSPAN32/LAG3/KLRK1/GPR18/NLRC3/SPN/TNFRSF13B/LGALS9B/TBX21/HOXB8/MILR1/CD300LF/PGLYRP2/CD22/LILRA4/LILRB1/CST7/SLA2/UBASH3A/BTK",51
"GO:0002706","regulation of lymphocyte mediated immunity","29/507","149/18670",5.44601570807028e-17,6.66285984284223e-15,5.48721911638791e-15,"CD1A/CD1C/CD1E/SLAMF6/FCGR2B/XCL1/PTPRC/CR1/CD28/CCR2/CD96/IL7R/LTA/TNF/NCR3/CRTAM/LAG3/KLRK1/RASGRP1/TBX21/VAV1/FCER2/IL12RB1/LILRB1/NCR1/WAS/BTK/SH2D1A/SASH3",29
"GO:0002703","regulation of leukocyte mediated immunity","33/507","201/18670",7.91483010006626e-17,9.38986661871498e-15,7.73305409776809e-15,"CD1A/CD1C/CD1E/SLAMF6/CD84/FCGR2B/XCL1/PTPRC/CR1/CD28/CCR2/CD96/IL7R/LTA/TNF/NCR3/CRTAM/LAG3/KLRK1/RASGRP1/NOD2/TBX21/VAV1/FCER2/IL12RB1/LILRB1/NCR1/ITGB2/RAC2/WAS/BTK/SH2D1A/SASH3",33
"GO:0032649","regulation of interferon-gamma production","24/507","101/18670",2.27151590164688e-16,2.61558375145516e-14,2.15407220023047e-14,"PTPN22/CD2/SLAMF6/CD244/XCL1/CCR2/CD96/TXK/LTA/TNF/HLA-DPB1/CD3E/KLRK1/NR1H4/RASGRP1/IRF8/LGALS9B/CCR7/EBI3/IL12RB1/LILRB1/TNFRSF13C/TLR7/SASH3",24
"GO:0042100","B cell proliferation","23/507","95/18670",6.18850056801259e-16,6.92227992107694e-14,5.70086533528498e-14,"FCRL3/FCGR2B/PTPRC/CR2/CTLA4/INPP5D/IL7R/GAPT/CD180/MZB1/CARD11/MS4A1/NCKAP1L/CD19/TNFRSF13B/IKZF3/CD70/CD22/CD79A/TNFRSF13C/BTK/SASH3/CD40LG",23
"GO:0002697","regulation of immune effector process","48/507","458/18670",9.63441376208393e-16,1.04774249662663e-13,8.62871618516464e-14,"FCRL3/CD1A/CD1C/CD1E/AIM2/SLAMF6/CD84/CD244/FCGR2B/XCL1/PTPRC/CR2/CR1/CR1L/CD28/CCR2/CD96/IL7R/MZB1/IRF4/LTA/TNF/NCR3/C2/MYB/TSPAN32/CRTAM/LAG3/KLRK1/IFNG/RASGRP1/CD19/NOD2/TBX21/VAV1/FCER2/PGLYRP2/IL12RB1/CD22/LILRB1/NCR1/ITGB2/RAC2/WAS/BTK/SH2D1A/SASH3/CD40LG",48
"GO:0001819","positive regulation of cytokine production","48/507","464/18670",1.60417751388085e-15,1.69739323428204e-13,1.39789352063074e-13,"MCOLN2/GBP5/PTPN22/CD2/PYHIN1/AIM2/SLAMF6/LY9/CD244/XCL1/PTPRC/CD28/CCR2/TIGIT/TLR6/TXK/IRF4/LTA/TNF/LTB/GPSM3/HLA-DPB1/MYB/CARD11/CD6/CCDC88B/CD3E/CRTAM/KLRK1/IFNG/IL26/RASGRP1/SPN/NOD2/IRF8/LGALS9B/CCR7/EBI3/TMIGD2/IL12RB1/LILRB1/NLRP7/ZBP1/TNFRSF13C/TLR7/CYBB/SASH3/CD40LG",48
"GO:0042129","regulation of T cell proliferation","28/507","156/18670",1.706193615343e-15,1.75782842212311e-13,1.44766510908465e-13,"PLA2G2D/XCL1/PTPRC/ZAP70/CD28/CTLA4/CCR2/HLA-DPB1/CARD11/TNFSF8/CD6/CCDC88B/CD3E/CLECL1/NCKAP1L/SPN/CORO1A/LGALS9B/EBI3/TMIGD2/CD70/RASAL3/IL12RB1/LILRB1/RAC2/TNFRSF13C/SASH3/CD40LG",28
"GO:0045619","regulation of lymphocyte differentiation","29/507","169/18670",1.83357623654365e-15,1.84062845283805e-13,1.51585533401706e-13,"TNFRSF18/RUNX3/CD2/FCRL3/PTPRC/CR1/ZAP70/CD28/CTLA4/INPP5D/CCR2/IL7R/CAMK4/IRF4/HLA-DOA/MYB/CARD11/CD27/LAG3/NCKAP1L/TESPA1/IFNG/RASGRP1/IKZF3/TBX21/PGLYRP2/IL12RB1/BTK/SASH3",29
"GO:0043368","positive T cell selection","15/507","34/18670",3.0315406808194e-15,2.96712044135199e-13,2.44358134351311e-13,"SLAMF6/LY9/PTPRC/ZAP70/DOCK2/IRF4/THEMIS/CD3E/CD3D/CD3G/BATF/BCL11B/SPN/TBX21/IL12RB1",15
"GO:0002695","negative regulation of leukocyte activation","29/507","175/18670",4.75758692087473e-15,4.54291531590844e-13,3.7413321536943e-13,"PLA2G2D/CNR2/RUNX3/PTPN22/TNFAIP8L2/CD84/FCGR2B/XCL1/PTPRC/LAX1/CTLA4/INPP5D/CCR2/TIGIT/RIPOR2/LST1/TSPAN32/LAG3/SPN/TNFRSF13B/LGALS9B/TBX21/MILR1/CD300LF/PGLYRP2/LILRB1/CST7/SLA2/BTK",29
"GO:0031341","regulation of cell killing","22/507","98/18670",1.46660266833837e-14,1.36708320155827e-12,1.12586565742367e-12,"CD1A/CD1C/CD1E/SLAMF6/FCGR2B/XCL1/PTPRC/CR1L/STAP1/IL7R/NCR3/CRTAM/LAG3/KLRK1/IFNG/RASGRP1/VAV1/FCER2/IL12RB1/LILRB1/NCR1/SH2D1A",22
"GO:0042098","T cell proliferation","29/507","184/18670",1.84423513347821e-14,1.67911175524819e-12,1.38283775124694e-12,"PLA2G2D/XCL1/PTPRC/ZAP70/CD28/CTLA4/CCR2/DOCK2/HLA-DPB1/CARD11/TNFSF8/CD6/CCDC88B/CD3E/CLECL1/NCKAP1L/SPN/CORO1A/LGALS9B/EBI3/TMIGD2/CD70/RASAL3/IL12RB1/LILRB1/RAC2/TNFRSF13C/SASH3/CD40LG",29
"GO:1902105","regulation of leukocyte differentiation","35/507","272/18670",2.01615511803431e-14,1.79391983797825e-12,1.47738830778447e-12,"TNFRSF18/RUNX3/CD2/FCRL3/FCGR2B/PTPRC/CR1/ZAP70/CD28/CTLA4/GPR55/INPP5D/CCR2/IL7R/CAMK4/IRF4/TNF/HLA-DOA/MYB/CARD11/CD27/LAG3/NCKAP1L/TESPA1/IFNG/TNFSF11/RASGRP1/EVI2B/IKZF3/TBX21/PGLYRP2/IL12RB1/LILRB1/BTK/SASH3",35
"GO:0002699","positive regulation of immune effector process","31/507","216/18670",3.21683816799302e-14,2.79864920615393e-12,2.30483632948834e-12,"CD1A/CD1C/CD1E/SLAMF6/CD84/CD244/XCL1/PTPRC/CD28/CCR2/MZB1/LTA/TNF/NCR3/MYB/CRTAM/LAG3/KLRK1/IFNG/RASGRP1/NOD2/TBX21/VAV1/FCER2/IL12RB1/LILRB1/ITGB2/RAC2/BTK/SH2D1A/SASH3",31
"GO:0050852","T cell receptor signaling pathway","30/507","202/18670",3.32324266957334e-14,2.82836848943035e-12,2.32931173842177e-12,"LCK/FYB2/PTPN22/CD247/PTPRC/ZAP70/CD28/CTLA4/INPP5D/TRAT1/TXK/FYB1/ITK/BTN1A1/HLA-DQA1/HLA-DQB2/HLA-DPB1/THEMIS/CARD11/CD3E/CD3D/CD3G/TESPA1/CCR7/SKAP1/KCNN4/UBASH3A/GRAP2/WAS/BTK",30
"GO:0032729","positive regulation of interferon-gamma production","18/507","65/18670",7.32368564010615e-14,6.1004743151097e-12,5.02406475154426e-12,"PTPN22/CD2/SLAMF6/CD244/CCR2/TXK/LTA/TNF/HLA-DPB1/CD3E/KLRK1/RASGRP1/IRF8/EBI3/IL12RB1/TNFRSF13C/TLR7/SASH3",18
"GO:0042102","positive regulation of T cell proliferation","21/507","95/18670",8.13653394624793e-14,6.63636049990847e-12,5.46539549942049e-12,"XCL1/PTPRC/ZAP70/CD28/CCR2/HLA-DPB1/CARD11/CD6/CCDC88B/CD3E/CLECL1/NCKAP1L/CORO1A/EBI3/TMIGD2/CD70/RASAL3/IL12RB1/TNFRSF13C/SASH3/CD40LG",21
"GO:0030595","leukocyte chemotaxis","31/507","224/18670",8.84041732687812e-14,7.06331302749547e-12,5.81701359231529e-12,"CNR2/XCL2/XCL1/CXCR4/CCR2/CCR5/STAP1/CXCL9/CXCL11/CXCL13/RIPOR2/GPSM3/CCR6/CALCA/JAML/CXCR5/KLRK1/PTPRO/NCKAP1L/TNFSF11/GPR18/CHGA/IL16/CORO1A/CCL22/CCL17/CCR7/VAV1/ITGB2/RAC2/CXCR3",31
"GO:0001906","cell killing","27/507","168/18670",9.16830659907432e-14,7.17878406707519e-12,5.91211012904519e-12,"CD1A/CD1C/CD1E/SLAMF6/SLAMF7/FCGR2B/XCL1/PTPRC/CR1L/STAP1/IL7R/H2BC11/NCR3/CRTAM/LAG3/KLRK1/IFNG/CHGA/RASGRP1/CORO1A/GZMM/VAV1/FCER2/IL12RB1/LILRB1/NCR1/SH2D1A",27
"GO:0001909","leukocyte mediated cytotoxicity","22/507","107/18670",1.01808845941935e-13,7.8153261149544e-12,6.43633632858918e-12,"CD1A/CD1C/CD1E/SLAMF6/SLAMF7/FCGR2B/XCL1/PTPRC/STAP1/IL7R/NCR3/CRTAM/LAG3/KLRK1/RASGRP1/CORO1A/GZMM/VAV1/IL12RB1/LILRB1/NCR1/SH2D1A",22
"GO:0050866","negative regulation of cell activation","29/507","199/18670",1.47615400897661e-13,1.11137364329681e-11,9.15275248885698e-12,"PLA2G2D/CNR2/RUNX3/PTPN22/TNFAIP8L2/CD84/FCGR2B/XCL1/PTPRC/LAX1/CTLA4/INPP5D/CCR2/TIGIT/RIPOR2/LST1/TSPAN32/LAG3/SPN/TNFRSF13B/LGALS9B/TBX21/MILR1/CD300LF/PGLYRP2/LILRB1/CST7/SLA2/BTK",29
"GO:0001910","regulation of leukocyte mediated cytotoxicity","19/507","78/18670",1.91131017363239e-13,1.41184515656053e-11,1.16272950582642e-11,"CD1A/CD1C/CD1E/SLAMF6/FCGR2B/XCL1/PTPRC/STAP1/IL7R/NCR3/CRTAM/LAG3/KLRK1/RASGRP1/VAV1/IL12RB1/LILRB1/NCR1/SH2D1A",19
"GO:0045580","regulation of T cell differentiation","24/507","139/18670",4.41478554565781e-13,3.20071952060191e-11,2.63596259772902e-11,"TNFRSF18/RUNX3/CD2/PTPRC/CR1/ZAP70/CD28/CTLA4/CCR2/IL7R/CAMK4/IRF4/HLA-DOA/MYB/CARD11/CD27/LAG3/NCKAP1L/TESPA1/IFNG/RASGRP1/TBX21/IL12RB1/SASH3",24
"GO:0060326","cell chemotaxis","35/507","304/18670",5.68789292196306e-13,4.04874559808825e-11,3.33435713300916e-11,"CNR2/XCL2/XCL1/CXCR4/CCR4/CCR9/CCR3/CCR2/CCR5/STAP1/CXCL9/CXCL11/CXCL13/RIPOR2/GPSM3/CCR6/CALCA/JAML/CXCR5/KLRK1/PTPRO/BIN2/NCKAP1L/TNFSF11/GPR18/CHGA/IL16/CORO1A/CCL22/CCL17/CCR7/VAV1/ITGB2/RAC2/CXCR3",35
"GO:0002285","lymphocyte activation involved in immune response","27/507","181/18670",5.84320012002488e-13,4.08502294105311e-11,3.3642334525632e-11,"CD1C/SLAMF6/LY9/CD244/FCGR2B/PTPRC/CD28/EOMES/GAPT/CD180/IRF4/MYB/CCR6/APBB1IP/AICDA/IFNG/LCP1/BATF/CD19/SPN/CORO1A/ITGAL/TBX21/PGLYRP2/IL12RB1/LILRB1/CD40LG",27
"GO:0002708","positive regulation of lymphocyte mediated immunity","21/507","105/18670",6.60917972700826e-13,4.53946291776094e-11,3.7384889203742e-11,"CD1A/CD1C/CD1E/SLAMF6/XCL1/PTPRC/CD28/LTA/TNF/NCR3/CRTAM/LAG3/KLRK1/RASGRP1/TBX21/VAV1/FCER2/IL12RB1/BTK/SH2D1A/SASH3",21
"GO:0031295","T cell costimulation","16/507","56/18670",1.05909992801503e-12,7.14892451410144e-11,5.88751920056267e-11,"LCK/CD28/CTLA4/ICOS/PDCD1/BTLA/CARD11/CD5/CD3E/KLRK1/CCR7/TMIGD2/VAV1/GRAP2/TNFRSF13C/CD40LG",16
"GO:0002705","positive regulation of leukocyte mediated immunity","23/507","133/18670",1.31873932166932e-12,8.75061770226338e-11,7.20659864812334e-11,"CD1A/CD1C/CD1E/SLAMF6/XCL1/PTPRC/CD28/LTA/TNF/NCR3/CRTAM/LAG3/KLRK1/RASGRP1/NOD2/TBX21/VAV1/FCER2/IL12RB1/ITGB2/BTK/SH2D1A/SASH3",23
"GO:0031294","lymphocyte costimulation","16/507","57/18670",1.43599322896903e-12,9.36985581902295e-11,7.7165741409336e-11,"LCK/CD28/CTLA4/ICOS/PDCD1/BTLA/CARD11/CD5/CD3E/KLRK1/CCR7/TMIGD2/VAV1/GRAP2/TNFRSF13C/CD40LG",16
"GO:0031343","positive regulation of cell killing","17/507","68/18670",2.27933706567092e-12,1.46288600198387e-10,1.20476435412425e-10,"CD1A/CD1C/CD1E/SLAMF6/XCL1/PTPRC/STAP1/NCR3/CRTAM/LAG3/KLRK1/IFNG/RASGRP1/VAV1/FCER2/IL12RB1/SH2D1A",17
"GO:0046632","alpha-beta T cell differentiation","20/507","101/18670",2.859407251027e-12,1.80557732060818e-10,1.48698886415886e-10,"PLA2G2D/RUNX3/SLAMF6/LY9/ZAP70/EOMES/ITK/IRF4/MYB/TNFSF8/FUT7/NCKAP1L/IFNG/GPR18/BATF/BCL11B/SPN/TBX21/IL12RB1/SASH3",20
"GO:0033077","T cell differentiation in thymus","17/507","70/18670",3.79921000551229e-12,2.36093764628264e-10,1.94435760181857e-10,"PTPRC/ZAP70/CD28/IL7R/CAMK4/DOCK2/CCR6/CARD11/CD3E/CD3D/CD3G/WNT1/TESPA1/BCL11B/RASGRP1/CCR7/AIRE",17
"GO:0050853","B cell receptor signaling pathway","22/507","129/18670",5.44938609523921e-12,3.33349165044711e-10,2.74530750159831e-10,"LCK/PTPN22/FCRL3/FCGR2B/PTPRC/CTLA4/KLHL6/STAP1/ITK/LAT2/BLK/PAX5/MS4A1/NCKAP1L/PRKCB/CD19/CD79B/CD22/CD79A/IGLL5/IGLL1/BTK",22
"GO:0006968","cellular defense response","15/507","53/18670",6.34923158014465e-12,3.79417975164222e-10,3.12470863192314e-10,"FCMR/CCR9/CCR3/CCR2/CCR5/TRAT1/CXCL9/ITK/CCR6/NCF1/KLRG1/SPN/KIR3DL2/NCR1/SH2D1A",15
"GO:0050671","positive regulation of lymphocyte proliferation","22/507","130/18670",6.39631835525892e-12,3.79417975164222e-10,3.12470863192314e-10,"FCRL3/XCL1/PTPRC/ZAP70/CD28/CCR2/HLA-DPB1/CARD11/CD6/CCDC88B/CD3E/CLECL1/NCKAP1L/CORO1A/EBI3/TMIGD2/CD70/RASAL3/IL12RB1/TNFRSF13C/SASH3/CD40LG",22
"GO:0032946","positive regulation of mononuclear cell proliferation","22/507","131/18670",7.49614320908604e-12,4.38020905426445e-10,3.60733490171729e-10,"FCRL3/XCL1/PTPRC/ZAP70/CD28/CCR2/HLA-DPB1/CARD11/CD6/CCDC88B/CD3E/CLECL1/NCKAP1L/CORO1A/EBI3/TMIGD2/CD70/RASAL3/IL12RB1/TNFRSF13C/SASH3/CD40LG",22
"GO:0050854","regulation of antigen receptor-mediated signaling pathway","16/507","65/18670",1.31546128658395e-11,7.57357490731786e-10,6.23724136347775e-10,"LCK/PTPN22/FCRL3/FCGR2B/PTPRC/TRAT1/STAP1/BLK/PAX5/TESPA1/PRKCB/CD19/CCR7/CD22/KCNN4/UBASH3A",16
"GO:0001912","positive regulation of leukocyte mediated cytotoxicity","15/507","56/18670",1.53182298141077e-11,8.69143039452635e-10,7.15785475524211e-10,"CD1A/CD1C/CD1E/SLAMF6/XCL1/PTPRC/STAP1/NCR3/CRTAM/LAG3/KLRK1/RASGRP1/VAV1/IL12RB1/SH2D1A",15
"GO:0070665","positive regulation of leukocyte proliferation","22/507","139/18670",2.52990920756121e-11,1.41494207822888e-09,1.16527998537744e-09,"FCRL3/XCL1/PTPRC/ZAP70/CD28/CCR2/HLA-DPB1/CARD11/CD6/CCDC88B/CD3E/CLECL1/NCKAP1L/CORO1A/EBI3/TMIGD2/CD70/RASAL3/IL12RB1/TNFRSF13C/SASH3/CD40LG",22
"GO:0007204","positive regulation of cytosolic calcium ion concentration","33/507","319/18670",4.92998187143927e-11,2.71843366573025e-09,2.23877456963951e-09,"CD52/LCK/MCOLN2/XCL1/FASLG/PTPRC/CXCR4/GPR55/CCR4/CCR9/CCR3/CCR2/CCR5/CHRNA9/CXCL9/CXCL11/CXCL13/CCR6/CALCA/MS4A1/CXCR5/P2RX2/GPR18/PLCB2/CD19/CORO1A/P2RX5/CCR7/JSRP1/F2RL3/CXCR3/P2RY10/GPR174",33
"GO:0046634","regulation of alpha-beta T cell activation","18/507","93/18670",5.30082573316266e-11,2.8823239924072e-09,2.37374696208731e-09,"RUNX3/XCL1/PTPRC/ZAP70/CD28/CCR2/IRF4/MYB/CD3E/NCKAP1L/IFNG/LGALS9B/TBX21/EBI3/RASAL3/IL12RB1/LILRB1/SASH3",18
"GO:0045061","thymic T cell selection","10/507","21/18670",5.38663917393431e-11,2.88886196793874e-09,2.37913133233753e-09,"PTPRC/ZAP70/CD28/DOCK2/CARD11/CD3E/CD3D/CD3G/CCR7/AIRE",10
"GO:0051480","regulation of cytosolic calcium ion concentration","35/507","357/18670",5.68705511591668e-11,3.00875956470457e-09,2.47787337411846e-09,"CD52/LCK/MCOLN2/XCL1/FASLG/PTPRC/CXCR4/GPR55/CCR4/CCR9/CCR3/CCR2/CCR5/CHRNA9/CXCL9/CXCL11/CXCL13/SCGN/CCR6/CALCA/MS4A1/CXCR5/P2RX2/GPR18/PLCB2/CD19/CORO1A/P2RX5/P2RX1/CCR7/JSRP1/F2RL3/CXCR3/P2RY10/GPR174",35
"GO:0002819","regulation of adaptive immune response","23/507","160/18670",6.70906964423137e-11,3.50213435428878e-09,2.8841937291622e-09,"CD1A/CD1C/CD1E/CD48/FCGR2B/XCL1/PTPRC/CR1/CD28/CCR2/IL7R/LTA/TNF/ADCY7/TBX21/SKAP1/FCER2/IL12RB1/LILRB1/TNFRSF13C/WAS/BTK/SASH3",23
"GO:1990868","response to chemokine","18/507","97/18670",1.10563680978207e-10,5.62151702635949e-09,4.62961797452151e-09,"XCL2/XCL1/CXCR4/CCR4/CCR9/CCR3/CCR2/CCR5/CXCL9/CXCL11/CXCL13/RIPOR2/CCR6/CXCR5/CCL22/CCL17/CCR7/CXCR3",18
"GO:1990869","cellular response to chemokine","18/507","97/18670",1.10563680978207e-10,5.62151702635949e-09,4.62961797452151e-09,"XCL2/XCL1/CXCR4/CCR4/CCR9/CCR3/CCR2/CCR5/CXCL9/CXCL11/CXCL13/RIPOR2/CCR6/CXCR5/CCL22/CCL17/CCR7/CXCR3",18
"GO:0043383","negative T cell selection","8/507","12/18670",1.25976816948718e-10,6.3230671583876e-09,5.20738178561302e-09,"PTPRC/ZAP70/CD28/DOCK2/THEMIS/CD3E/CCR7/AIRE",8
"GO:0072676","lymphocyte migration","19/507","111/18670",1.44745652178291e-10,7.17315478832924e-09,5.90747411888215e-09,"XCL2/XCL1/ZAP70/ITGA4/CCR2/GPR15/CXCL11/CXCL13/RIPOR2/CCR6/KLRK1/ITGB7/SPN/CCL22/CCL17/CCR7/TBX21/AIRE/CXCR3",19
"GO:0070098","chemokine-mediated signaling pathway","17/507","88/18670",1.88315319888168e-10,9.21568096702721e-09,7.58960295812445e-09,"XCL2/XCL1/CXCR4/CCR4/CCR9/CCR3/CCR2/CCR5/CXCL9/CXCL11/CXCL13/CCR6/CXCR5/CCL22/CCL17/CCR7/CXCR3",17
"GO:0045088","regulation of innate immune response","39/507","452/18670",2.06816006394106e-10,9.9961069757151e-09,8.23232524477122e-09,"GBP5/GFI1/PTPN22/FCRL3/PYHIN1/AIM2/SLAMF6/FCGR2B/CR1/CD96/TLR10/TLR6/TXK/IRGM/IRF4/NCR3/TREML2/CARD11/NLRP6/CRTAM/LAG3/KLRK1/IFNG/NR1H4/RASGRP1/NLRC3/NOD2/CD300LF/VAV1/ICAM3/PGLYRP2/LILRA4/LILRB1/NCR1/ZBP1/ITGB2/TLR7/BTK/SH2D1A",39
"GO:0042108","positive regulation of cytokine biosynthetic process","15/507","67/18670",2.47615134476284e-10,1.17373986958577e-08,9.6663715010855e-09,"PTPRC/CD28/CCR2/TLR6/IRF4/TNF/LTB/CARD11/CD3E/IFNG/SPN/EBI3/TNFRSF13C/TLR7/CYBB",15
"GO:1903706","regulation of hemopoiesis","40/507","475/18670",2.48838848469015e-10,1.17373986958577e-08,9.6663715010855e-09,"TNFRSF18/RUNX3/CD2/FCRL3/FCGR2B/PTPRC/CR1/MIXL1/ZAP70/CD28/CTLA4/GPR55/INPP5D/CCR2/GPR171/IL7R/CAMK4/IRF4/H3C4/TNF/HLA-DOA/MYB/CARD11/CD27/LAG3/NCKAP1L/TESPA1/IFNG/TNFSF11/RASGRP1/PRKCB/EVI2B/IKZF3/TBX21/HOXB8/PGLYRP2/IL12RB1/LILRB1/BTK/SASH3",40
"GO:0051250","negative regulation of lymphocyte activation","21/507","146/18670",4.5046659499602e-10,2.09949609453502e-08,1.72904659207119e-08,"PLA2G2D/RUNX3/PTPN22/TNFAIP8L2/FCGR2B/XCL1/LAX1/CTLA4/INPP5D/TIGIT/RIPOR2/LST1/LAG3/SPN/TNFRSF13B/LGALS9B/TBX21/PGLYRP2/LILRB1/SLA2/BTK",21
"GO:0030888","regulation of B cell proliferation","14/507","61/18670",6.93491555227933e-10,3.19414051613807e-08,2.63054443797295e-08,"FCRL3/FCGR2B/PTPRC/CTLA4/INPP5D/MZB1/CARD11/NCKAP1L/TNFRSF13B/IKZF3/CD22/TNFRSF13C/BTK/SASH3",14
"GO:0071219","cellular response to molecule of bacterial origin","25/507","212/18670",7.48974788628205e-10,3.40957709009235e-08,2.80796790400023e-08,"GFI1/PTPN22/FCGR2B/IL24/KMO/CCR5/TLR6/STAP1/CXCL9/CXCL11/CXCL13/CD180/IRGM/LY86/TNF/STAR/CD6/CARD17/AICDA/KLRK1/NR1H4/NOD2/IRF8/LILRB1/NLRP7",25
"GO:0006959","humoral immune response","33/507","356/18670",8.72757739452232e-10,3.88715244903589e-08,3.20127658839738e-08,"FCGR2B/PTPRC/CR2/CR1/CR1L/CD28/PDCD1/CCR2/JCHAIN/CXCL9/CXCL11/CXCL13/H2BC11/LTA/TNF/C2/CCR6/PAX5/MS4A1/POU2AF1/IFNG/RNASE6/CHGA/CD19/CCR7/EBI3/FCER2/PGLYRP2/POU2F2/AIRE/IGLL5/IGLL1/SH2D1A",33
"GO:0046635","positive regulation of alpha-beta T cell activation","14/507","62/18670",8.73740524942934e-10,3.88715244903589e-08,3.20127658839738e-08,"RUNX3/XCL1/PTPRC/ZAP70/CD28/CCR2/MYB/CD3E/NCKAP1L/IFNG/EBI3/RASAL3/IL12RB1/SASH3",14
"GO:0002440","production of molecular mediator of immune response","29/507","286/18670",1.19851530250104e-09,5.27212068459726e-08,4.34187152165662e-08,"FCRL3/CD244/FCGR2B/XCL1/PTPRC/LAX1/CD28/CCR2/CD96/POLQ/IL7R/GAPT/MZB1/TNF/CCR6/CARD11/AICDA/BATF/CHGA/NOD2/TBX21/TMIGD2/CD22/POU2F2/LILRB1/VPREB3/BTK/SASH3/CD40LG",29
"GO:0002237","response to molecule of bacterial origin","32/507","343/18670",1.34740164222445e-09,5.80540417891428e-08,4.78105881562532e-08,"CNR2/GFI1/PTPN22/FCGR2B/FASLG/IL24/KMO/CCR5/CD96/TLR6/STAP1/CXCL9/CXCL11/CXCL13/CD180/IRGM/LY86/LTA/TNF/STAR/CD6/CARD17/IL10RA/AICDA/KLRK1/NR1H4/NOD2/IRF8/CCR7/ACP5/LILRB1/NLRP7",32
"GO:0019722","calcium-mediated signaling","25/507","218/18670",1.349404291906e-09,5.80540417891428e-08,4.78105881562532e-08,"PTPRC/PLEK/ZAP70/CXCR4/CCR4/CCR9/CCR3/CCR2/CCR5/TRAT1/IRGM/TNF/CCR6/LAT2/CD3E/CXCR5/P2RX2/TNFSF11/P2RX5/CCR7/JSRP1/CD22/SLA2/CXCR3/BTK",25
"GO:0071216","cellular response to biotic stimulus","26/507","236/18670",1.50269171467016e-09,6.39460659014528e-08,5.26629830896417e-08,"GFI1/PTPN22/FCGR2B/IL24/KMO/CCR5/TLR6/STAP1/CXCL9/CXCL11/CXCL13/CD180/IRGM/LY86/TNF/STAR/CD6/CARD17/AICDA/KLRK1/NR1H4/NOD2/IRF8/LILRB1/NLRP7/BTK",26
"GO:0072678","T cell migration","14/507","65/18670",1.70081840257941e-09,7.15989682376171e-08,5.8965554805894e-08,"XCL2/XCL1/ZAP70/ITGA4/CCR2/GPR15/CXCL11/CXCL13/RIPOR2/CCR6/ITGB7/SPN/AIRE/CXCR3",14
"GO:0042035","regulation of cytokine biosynthetic process","18/507","114/18670",1.7216859563331e-09,7.17063885004691e-08,5.90540211002048e-08,"PTPRC/CD28/INPP5D/CCR2/TLR6/IRF4/TNF/LTB/CARD11/CD3E/LAG3/IFNG/SPN/EBI3/LILRB1/TNFRSF13C/TLR7/CYBB",18
"GO:0019724","B cell mediated immunity","25/507","221/18670",1.79671222643288e-09,7.4043456489313e-08,6.09787207707914e-08,"FCGR2B/XCL1/PTPRC/CR2/CR1/CD28/INPP5D/GAPT/LTA/TNF/C2/CCR6/CD27/AICDA/BATF/CD19/TBX21/CD70/FCER2/POU2F2/SLA2/IGLL5/IGLL1/BTK/CD40LG",25
"GO:0055074","calcium ion homeostasis","38/507","471/18670",2.36206744380331e-09,9.63280629426035e-08,7.93312782935255e-08,"CD52/LCK/MCOLN2/XCL1/FASLG/PTPRC/CXCR4/GPR55/CCR4/CCR9/CCR3/CCR2/CCR5/CHRNA9/CXCL9/CXCL11/CXCL13/SCGN/CCR6/CALCA/MS4A1/CXCR5/P2RX2/TNFSF11/GPR18/PLCB2/PRKCB/CD19/CORO1A/P2RX5/P2RX1/ATP2A3/CCR7/JSRP1/F2RL3/CXCR3/P2RY10/GPR174",38
"GO:0002822","regulation of adaptive immune response based on somatic recombination of immune receptors built from immunoglobulin superfamily domains","20/507","145/18670",2.4863797601368e-09,1.00352337741604e-07,8.26454824232122e-08,"CD1A/CD1C/CD1E/FCGR2B/XCL1/PTPRC/CR1/CD28/CCR2/IL7R/LTA/TNF/TBX21/FCER2/IL12RB1/LILRB1/TNFRSF13C/WAS/BTK/SASH3",20
"GO:0030183","B cell differentiation","19/507","131/18670",2.65149119313104e-09,1.05924367562327e-07,8.72343450543543e-08,"FCRL3/FCGR2B/PTPRC/CR2/ITGA4/INPP5D/CARD11/MS4A1/CD27/AICDA/NCKAP1L/FLT3/CD19/IKZF3/CD79B/CD79A/POU2F2/BTK/CD40LG",19
"GO:0002377","immunoglobulin production","23/507","193/18670",2.93326899217674e-09,1.15997455599717e-07,9.55300682938581e-08,"FCRL3/FCGR2B/XCL1/PTPRC/LAX1/CD28/POLQ/IL7R/GAPT/MZB1/TNF/CCR6/CARD11/AICDA/BATF/TBX21/TMIGD2/CD22/POU2F2/VPREB3/BTK/SASH3/CD40LG",23
"GO:0045060","negative thymic T cell selection","7/507","11/18670",3.13902662656831e-09,1.22892892430149e-07,1.01208826917671e-07,"PTPRC/ZAP70/CD28/DOCK2/CD3E/CCR7/AIRE",7
"GO:0035710","CD4-positive, alpha-beta T cell activation","16/507","92/18670",3.25753863010102e-09,1.26269937988569e-07,1.03990003376753e-07,"PLA2G2D/RUNX3/SLAMF6/LY9/XCL1/IRF4/MYB/FUT7/NCKAP1L/IFNG/BATF/SPN/LGALS9B/TBX21/IL12RB1/SASH3",16
"GO:0006874","cellular calcium ion homeostasis","37/507","458/18670",3.72859030328536e-09,1.43112068993747e-07,1.17860393178153e-07,"CD52/LCK/MCOLN2/XCL1/FASLG/PTPRC/CXCR4/GPR55/CCR4/CCR9/CCR3/CCR2/CCR5/CHRNA9/CXCL9/CXCL11/CXCL13/SCGN/CCR6/CALCA/MS4A1/CXCR5/P2RX2/GPR18/PLCB2/PRKCB/CD19/CORO1A/P2RX5/P2RX1/ATP2A3/CCR7/JSRP1/F2RL3/CXCR3/P2RY10/GPR174",37
"GO:0002456","T cell mediated immunity","17/507","106/18670",3.81975520623827e-09,1.45187782839056e-07,1.19569853824301e-07,"CD1A/CD1C/CD1E/FCGR2B/XCL1/PTPRC/CD8A/CCR2/IL7R/TBX21/GZMM/CD70/IL12RB1/LILRB1/AIRE/WAS/SASH3",17
"GO:0042089","cytokine biosynthetic process","18/507","123/18670",6.01633401938498e-09,2.26480266210502e-07,1.86518533414739e-07,"PTPRC/CD28/INPP5D/CCR2/TLR6/IRF4/TNF/LTB/CARD11/CD3E/LAG3/IFNG/SPN/EBI3/LILRB1/TNFRSF13C/TLR7/CYBB",18
"GO:0050864","regulation of B cell activation","22/507","184/18670",6.09723475604785e-09,2.27339753046927e-07,1.8722636649398e-07,"FCRL3/FCGR2B/PTPRC/CD28/CTLA4/INPP5D/MZB1/CARD11/CD27/NCKAP1L/CD19/NOD2/TNFRSF13B/IKZF3/TBX21/CD22/SLA2/IGLL5/IGLL1/TNFRSF13C/BTK/SASH3",22
"GO:0042107","cytokine metabolic process","18/507","124/18670",6.86372801564627e-09,2.53504671521275e-07,2.08774567149201e-07,"PTPRC/CD28/INPP5D/CCR2/TLR6/IRF4/TNF/LTB/CARD11/CD3E/LAG3/IFNG/SPN/EBI3/LILRB1/TNFRSF13C/TLR7/CYBB",18
"GO:0032496","response to lipopolysaccharide","30/507","330/18670",8.13104838960625e-09,2.97505181731855e-07,2.45011325306089e-07,"CNR2/GFI1/PTPN22/FASLG/IL24/KMO/CCR5/CD96/STAP1/CXCL9/CXCL11/CXCL13/CD180/IRGM/LY86/LTA/TNF/STAR/CD6/CARD17/IL10RA/AICDA/KLRK1/NR1H4/NOD2/IRF8/CCR7/ACP5/LILRB1/NLRP7",30
"GO:0072503","cellular divalent inorganic cation homeostasis","38/507","493/18670",8.2567350114163e-09,2.99306644163841e-07,2.4649492534082e-07,"CD52/LCK/MCOLN2/XCL1/FASLG/PTPRC/CXCR4/GPR55/CCR4/CCR9/CCR3/CCR2/CCR5/CHRNA9/CXCL9/CXCL11/CXCL13/SCGN/CCR6/SLC30A8/CALCA/MS4A1/CXCR5/P2RX2/GPR18/PLCB2/PRKCB/CD19/CORO1A/P2RX5/P2RX1/ATP2A3/CCR7/JSRP1/F2RL3/CXCR3/P2RY10/GPR174",38
"GO:0071222","cellular response to lipopolysaccharide","23/507","205/18670",9.43476123626867e-09,3.38872387522861e-07,2.79079417350951e-07,"GFI1/PTPN22/IL24/KMO/CCR5/STAP1/CXCL9/CXCL11/CXCL13/CD180/IRGM/LY86/TNF/STAR/CD6/CARD17/AICDA/KLRK1/NR1H4/NOD2/IRF8/LILRB1/NLRP7",23
"GO:0043367","CD4-positive, alpha-beta T cell differentiation","14/507","74/18670",1.01655439114934e-08,3.61800949213604e-07,2.97962306228748e-07,"PLA2G2D/RUNX3/SLAMF6/LY9/IRF4/MYB/FUT7/NCKAP1L/IFNG/BATF/SPN/TBX21/IL12RB1/SASH3",14
"GO:0046633","alpha-beta T cell proliferation","10/507","33/18670",1.05421787212565e-08,3.71825492736208e-07,3.06218050480878e-07,"XCL1/PTPRC/ZAP70/CD28/CCR2/DOCK2/CD3E/LGALS9B/EBI3/RASAL3",10
"GO:0002228","natural killer cell mediated immunity","13/507","64/18670",1.38992001749219e-08,4.85851506114458e-07,4.00124531351371e-07,"SLAMF6/SLAMF7/CD96/NCR3/CRTAM/LAG3/KLRK1/RASGRP1/CORO1A/VAV1/LILRB1/NCR1/SH2D1A",13
"GO:0046641","positive regulation of alpha-beta T cell proliferation","8/507","19/18670",1.62596230861249e-08,5.63331189222824e-07,4.63933167329303e-07,"XCL1/PTPRC/ZAP70/CD28/CCR2/CD3E/EBI3/RASAL3",8
"GO:0002821","positive regulation of adaptive immune response","16/507","105/18670",2.33768046112462e-08,8.02808684675691e-07,6.61155609642171e-07,"CD1A/CD1C/CD1E/XCL1/PTPRC/CD28/CCR2/LTA/TNF/TBX21/SKAP1/FCER2/IL12RB1/TNFRSF13C/BTK/SASH3",16
"GO:0002286","T cell activation involved in immune response","16/507","106/18670",2.68536133943589e-08,9.14190403816652e-07,7.52884373701796e-07,"CD1C/SLAMF6/LY9/FCGR2B/EOMES/IRF4/MYB/APBB1IP/IFNG/LCP1/BATF/SPN/ITGAL/TBX21/IL12RB1/LILRB1",16
"GO:0002715","regulation of natural killer cell mediated immunity","11/507","46/18670",3.00190804047052e-08,1.00884578275633e-06,8.30838107839653e-07,"SLAMF6/CD96/NCR3/CRTAM/LAG3/KLRK1/RASGRP1/VAV1/LILRB1/NCR1/SH2D1A",11
"GO:0016064","immunoglobulin mediated immune response","23/507","218/18670",3.02828633680983e-08,1.00884578275633e-06,8.30838107839653e-07,"FCGR2B/XCL1/PTPRC/CR2/CR1/CD28/INPP5D/GAPT/LTA/TNF/C2/CCR6/CD27/AICDA/BATF/CD19/TBX21/FCER2/POU2F2/IGLL5/IGLL1/BTK/CD40LG",23
"GO:0046629","gamma-delta T cell activation","7/507","14/18670",3.04071014981473e-08,1.00884578275633e-06,8.30838107839653e-07,"PTPRC/CCR9/JAML/NCKAP1L/GPR18/NOD2/LILRB1",7
"GO:0002709","regulation of T cell mediated immunity","13/507","70/18670",4.3284302507862e-08,1.42401717914521e-06,1.172753813194e-06,"CD1A/CD1C/CD1E/FCGR2B/XCL1/PTPRC/CCR2/IL7R/TBX21/IL12RB1/LILRB1/WAS/SASH3",13
"GO:0050855","regulation of B cell receptor signaling pathway","9/507","29/18670",4.61853699899078e-08,1.50679769592074e-06,1.24092796736042e-06,"PTPN22/FCRL3/FCGR2B/STAP1/BLK/PAX5/PRKCB/CD19/CD22",9
"GO:0045089","positive regulation of innate immune response","31/507","381/18670",6.03331651134953e-08,1.93951415583988e-06,1.59729296480139e-06,"GBP5/GFI1/PTPN22/FCRL3/PYHIN1/AIM2/SLAMF6/TLR10/TLR6/TXK/IRGM/IRF4/NCR3/CARD11/NLRP6/CRTAM/LAG3/KLRK1/NR1H4/RASGRP1/NOD2/CD300LF/VAV1/ICAM3/PGLYRP2/LILRA4/ZBP1/ITGB2/TLR7/BTK/SH2D1A",31
"GO:0042267","natural killer cell mediated cytotoxicity","12/507","60/18670",6.04395215868367e-08,1.93951415583988e-06,1.59729296480139e-06,"SLAMF6/SLAMF7/NCR3/CRTAM/LAG3/KLRK1/RASGRP1/CORO1A/VAV1/LILRB1/NCR1/SH2D1A",12
"GO:0046640","regulation of alpha-beta T cell proliferation","9/507","30/18670",6.44010508161932e-08,2.04983832475932e-06,1.6881507800599e-06,"XCL1/PTPRC/ZAP70/CD28/CCR2/CD3E/LGALS9B/EBI3/RASAL3",9
"GO:0002824","positive regulation of adaptive immune response based on somatic recombination of immune receptors built from immunoglobulin superfamily domains","15/507","100/18670",7.96784899056158e-08,2.51565554822972e-06,2.07177601511801e-06,"CD1A/CD1C/CD1E/XCL1/PTPRC/CD28/CCR2/LTA/TNF/TBX21/FCER2/IL12RB1/TNFRSF13C/BTK/SASH3",15
"GO:0032623","interleukin-2 production","12/507","62/18670",8.88094528901754e-08,2.78151206452029e-06,2.2907229827588e-06,"CD247/XCL1/PTPRC/CD28/CCR2/IRF4/CARD11/CD3E/LAG3/NR1H4/TBX21/SASH3",12
"GO:0002295","T-helper cell lineage commitment","7/507","16/18670",9.66724606588419e-08,3.00375145618545e-06,2.47374893064355e-06,"SLAMF6/LY9/IRF4/BATF/SPN/TBX21/IL12RB1",7
"GO:0006909","phagocytosis","30/507","369/18670",1.00619267556358e-07,3.10176718490661e-06,2.55447009138105e-06,"SLAMF1/FCGR2B/CD247/PTPRC/STAP1/DOCK2/TNF/C2/RAB39A/CD3G/BIN2/NCKAP1L/IFNG/PLD4/CORO1A/ITGAL/IRF8/CD300LF/VAV1/ICAM3/CEACAM4/SIRPG/ITGB2/IGLL5/IGLL1/NCF4/IL2RB/SH3BP1/WAS/IL2RG",30
"GO:0050857","positive regulation of antigen receptor-mediated signaling pathway","8/507","24/18670",1.40347475955181e-07,4.29265912784792e-06,3.53523288528552e-06,"LCK/PTPRC/TRAT1/STAP1/TESPA1/PRKCB/CCR7/KCNN4",8
"GO:0002923","regulation of humoral immune response mediated by circulating immunoglobulin","6/507","11/18670",1.60242210173014e-07,4.78837883848269e-06,3.94348440741345e-06,"FCGR2B/PTPRC/CR1/LTA/TNF/FCER2",6
"GO:0043373","CD4-positive, alpha-beta T cell lineage commitment","7/507","17/18670",1.60502430670006e-07,4.78837883848269e-06,3.94348440741345e-06,"SLAMF6/LY9/IRF4/BATF/SPN/TBX21/IL12RB1",7
"GO:0001818","negative regulation of cytokine production","26/507","296/18670",1.61361952400462e-07,4.78837883848269e-06,3.94348440741345e-06,"PTPN22/CD84/SLAMF1/FCGR2B/XCL1/PTPRC/INPP5D/CD96/TIGIT/TLR6/TNF/CARD17/LAG3/NCKAP1L/IFNG/NR1H4/GPR18/NLRC3/ADCY7/LGALS9B/TBX21/ACP5/LILRA4/LILRB1/NLRP7/BTK",26
"GO:0001914","regulation of T cell mediated cytotoxicity","9/507","33/18670",1.61447255856888e-07,4.78837883848269e-06,3.94348440741345e-06,"CD1A/CD1C/CD1E/FCGR2B/XCL1/PTPRC/IL7R/IL12RB1/LILRB1",9
"GO:0032663","regulation of interleukin-2 production","11/507","54/18670",1.77003514763903e-07,5.20257683755822e-06,4.28459846835809e-06,"XCL1/PTPRC/CD28/CCR2/IRF4/CARD11/CD3E/LAG3/NR1H4/TBX21/SASH3",11
"GO:0050663","cytokine secretion","23/507","240/18670",1.78070318322555e-07,5.20257683755822e-06,4.28459846835809e-06,"MCOLN2/GBP5/PTPN22/CD2/AIM2/CD244/FCGR2B/TLR10/TLR6/TNF/CARD11/CARD17/CRTAM/CLECL1/IFNG/IL26/NR1H4/RASGRP1/NOD2/LGALS9B/CCR7/LILRB1/NLRP7",23
"GO:0042269","regulation of natural killer cell mediated cytotoxicity","10/507","44/18670",2.16091549571745e-07,6.2666549375806e-06,5.16092332427489e-06,"SLAMF6/NCR3/CRTAM/LAG3/KLRK1/RASGRP1/VAV1/LILRB1/NCR1/SH2D1A",10
"GO:0002700","regulation of production of molecular mediator of immune response","17/507","139/18670",2.34623291842349e-07,6.75404549678526e-06,5.56231534762472e-06,"FCRL3/CD244/FCGR2B/XCL1/PTPRC/CD28/CCR2/CD96/MZB1/TNF/NOD2/TBX21/CD22/LILRB1/BTK/SASH3/CD40LG",17
"GO:0045621","positive regulation of lymphocyte differentiation","14/507","94/18670",2.36395790199988e-07,6.75539794622594e-06,5.56342916160249e-06,"RUNX3/PTPRC/ZAP70/INPP5D/IL7R/MYB/CD27/NCKAP1L/TESPA1/IFNG/RASGRP1/IL12RB1/BTK/SASH3",14
"GO:0032103","positive regulation of response to external stimulus","27/507","323/18670",2.5394238183047e-07,7.20423496279921e-06,5.9330702940254e-06,"GBP5/XCL2/XCL1/CXCR4/CD28/CCR4/CCR2/TLR10/TLR6/STAP1/CXCL13/CD180/LY86/RIPOR2/LTA/TNF/GPSM3/CCR6/CD6/NCKAP1L/TNFSF11/IL16/NOD2/CCR7/RAC2/TLR7/BTK",27
"GO:0002381","immunoglobulin production involved in immunoglobulin mediated immune response","11/507","56/18670",2.62163016408573e-07,7.38394395136376e-06,6.08107019507352e-06,"XCL1/PTPRC/CD28/GAPT/CCR6/AICDA/BATF/TBX21/POU2F2/BTK/CD40LG",11
"GO:0097529","myeloid leukocyte migration","21/507","210/18670",2.99970627285726e-07,8.38846432731156e-06,6.90834610057278e-06,"MCOLN2/XCL2/XCL1/CCR2/STAP1/CXCL9/CXCL11/CXCL13/RIPOR2/CALCA/JAML/PTPRO/NCKAP1L/TNFSF11/CHGA/CCL22/CCL17/CCR7/VAV1/ITGB2/RAC2",21
"GO:0072540","T-helper 17 cell lineage commitment","6/507","12/18670",3.13127123985992e-07,8.69427440003658e-06,7.16019694489805e-06,"SLAMF6/LY9/IRF4/BATF/TBX21/IL12RB1",6
"GO:0050766","positive regulation of phagocytosis","12/507","70/18670",3.59135045805144e-07,9.90150496005027e-06,8.15441545812569e-06,"FCGR2B/PTPRC/STAP1/DOCK2/TNF/C2/NCKAP1L/IFNG/CD300LF/SIRPG/IL2RB/IL2RG",12
"GO:0050868","negative regulation of T cell activation","15/507","112/18670",3.66216026674541e-07,1.00261240869289e-05,8.25704593083637e-06,"PLA2G2D/RUNX3/PTPN22/TNFAIP8L2/FCGR2B/XCL1/LAX1/CTLA4/TIGIT/RIPOR2/LAG3/SPN/LGALS9B/TBX21/LILRB1",15
"GO:1902107","positive regulation of leukocyte differentiation","17/507","144/18670",3.91772004104903e-07,1.06513013616021e-05,8.77191263576987e-06,"RUNX3/PTPRC/ZAP70/INPP5D/IL7R/TNF/MYB/CD27/NCKAP1L/TESPA1/IFNG/TNFSF11/RASGRP1/EVI2B/IL12RB1/BTK/SASH3",17
"GO:0002363","alpha-beta T cell lineage commitment","7/507","19/18670",3.96647344743571e-07,1.07094783080764e-05,8.81982444246503e-06,"SLAMF6/LY9/IRF4/BATF/SPN/TBX21/IL12RB1",7
"GO:0019932","second-messenger-mediated signaling","32/507","439/18670",4.50134977751803e-07,1.20704002595775e-05,9.94061598308416e-06,"PTPRC/PLEK/ZAP70/CXCR4/NPPC/CCR4/CCR9/CCR3/CCR2/CCR5/TRAT1/CXCL9/CXCL11/IRGM/TNF/CCR6/LAT2/CALCA/CD3E/CXCR5/P2RX2/TNFSF11/CHGA/ADCY7/ADGRG5/P2RX5/CCR7/JSRP1/CD22/SLA2/CXCR3/BTK",32
"GO:0050727","regulation of inflammatory response","34/507","485/18670",4.8436955249919e-07,1.29000462451315e-05,1.06238735360187e-05,"CNR2/GBP5/TNFAIP8L2/FCGR2B/XCL1/PTPRC/CR2/CR1/CR1L/CD28/CCR2/TLR10/TLR6/STAP1/LTA/TNF/C2/GPSM3/PBK/NLRP6/CD6/NR1H4/TNFSF11/NLRC3/CD19/ADCY7/NOD2/CCR7/ACP5/SIGLEC10/NLRP7/CST7/TLR7/BTK",34
"GO:0002532","production of molecular mediator involved in inflammatory response","12/507","72/18670",4.93692152211889e-07,1.30594917291186e-05,1.07551853643316e-05,"GBP5/CD96/TLR6/GPSM3/ALOX5/CD6/NLRC3/ADCY7/NOD2/P2RX1/NLRP7/BTK",12
"GO:0030101","natural killer cell activation","13/507","86/18670",5.34227377559043e-07,1.40369139808299e-05,1.15601445246439e-05,"PTPN22/CD2/SLAMF7/CD244/PTPRC/NCR3/KLRK1/RASGRP1/IL21R/CORO1A/PGLYRP2/NCR1/ITGB2",13
"GO:0001773","myeloid dendritic cell activation","8/507","28/18670",5.38945278215911e-07,1.40664717614353e-05,1.15844869275462e-05,"CD2/SLAMF1/CAMK4/DOCK2/IRF4/UBD/TSPAN32/BATF",8
"GO:0045059","positive thymic T cell selection","6/507","13/18670",5.68178014153571e-07,1.47312379166307e-05,1.21319571791732e-05,"PTPRC/ZAP70/DOCK2/CD3E/CD3D/CD3G",6
"GO:0043369","CD4-positive or CD8-positive, alpha-beta T cell lineage commitment","7/507","20/18670",5.95980532696497e-07,1.5350419641492e-05,1.26418862302588e-05,"SLAMF6/LY9/IRF4/BATF/SPN/TBX21/IL12RB1",7
"GO:0001913","T cell mediated cytotoxicity","10/507","49/18670",6.33622731422253e-07,1.61080064514164e-05,1.32657992231467e-05,"CD1A/CD1C/CD1E/FCGR2B/XCL1/PTPRC/IL7R/GZMM/IL12RB1/LILRB1",10
"GO:0002704","negative regulation of leukocyte mediated immunity","10/507","49/18670",6.33622731422253e-07,1.61080064514164e-05,1.32657992231467e-05,"CD84/FCGR2B/XCL1/PTPRC/CR1/CCR2/CD96/IL7R/TBX21/LILRB1",10
"GO:0050777","negative regulation of immune response","17/507","150/18670",7.03202281111215e-07,1.77615285841962e-05,1.46275625605681e-05,"CD84/FCGR2B/XCL1/PTPRC/CR1/CTLA4/INPP5D/PDCD1/CCR2/CD96/IL7R/TNF/NLRP6/NLRC3/TBX21/PGLYRP2/LILRB1",17
"GO:1990266","neutrophil migration","15/507","118/18670",7.26963862704583e-07,1.82439969390285e-05,1.50249008870725e-05,"MCOLN2/XCL2/XCL1/CXCL9/CXCL11/CXCL13/RIPOR2/JAML/NCKAP1L/CCL22/CCL17/CCR7/VAV1/ITGB2/RAC2",15
"GO:0030593","neutrophil chemotaxis","14/507","104/18670",8.41631829476676e-07,2.09871886140203e-05,1.72840649928733e-05,"XCL2/XCL1/CXCL9/CXCL11/CXCL13/RIPOR2/JAML/NCKAP1L/CCL22/CCL17/CCR7/VAV1/ITGB2/RAC2",14
"GO:0002637","regulation of immunoglobulin production","11/507","63/18670",9.13314518264631e-07,2.26305464494053e-05,1.86374574913029e-05,"FCRL3/FCGR2B/XCL1/PTPRC/CD28/MZB1/TNF/TBX21/CD22/SASH3/CD40LG",11
"GO:0002712","regulation of B cell mediated immunity","10/507","51/18670",9.3839232111689e-07,2.29612871073289e-05,1.89098399972436e-05,"FCGR2B/XCL1/PTPRC/CR1/CD28/LTA/TNF/TBX21/FCER2/BTK",10
"GO:0002889","regulation of immunoglobulin mediated immune response","10/507","51/18670",9.3839232111689e-07,2.29612871073289e-05,1.89098399972436e-05,"FCGR2B/XCL1/PTPRC/CR1/CD28/LTA/TNF/TBX21/FCER2/BTK",10
"GO:0045954","positive regulation of natural killer cell mediated cytotoxicity","8/507","30/18670",9.67485988556587e-07,2.35261344422301e-05,1.93750217911005e-05,"SLAMF6/NCR3/CRTAM/LAG3/KLRK1/RASGRP1/VAV1/SH2D1A",8
"GO:0032653","regulation of interleukin-10 production","10/507","52/18670",1.13388826563275e-06,2.74022997527914e-05,2.25672498871547e-05,"FCGR2B/XCL1/CD28/TIGIT/IRF4/NOD2/LGALS9B/LILRB1/SASH3/CD40LG",10
"GO:0046330","positive regulation of JNK cascade","16/507","140/18670",1.33221129495252e-06,3.19975903051479e-05,2.63517158310595e-05,"SLAMF1/FCGR2B/EDAR/WNT7A/TLR6/TNF/FGD2/NCF1/WNT16/CD27/TNFSF11/RASGRP1/NOD2/CCR7/MAP4K1/CD40LG",16
"GO:0060402","calcium ion transport into cytosol","17/507","158/18670",1.46365329631651e-06,3.4940260091946e-05,2.87751607613445e-05,"LCK/MCOLN2/XCL1/FASLG/PTPRC/CCR5/CXCL9/CXCL11/MS4A1/P2RX2/PLCB2/CD19/CORO1A/P2RX5/CCR7/JSRP1/F2RL3",17
"GO:0032680","regulation of tumor necrosis factor production","17/507","160/18670",1.74441935764552e-06,4.11723919191877e-05,3.39076524698452e-05,"PTPN22/CD2/SLAMF1/PTPRC/CCR2/IFNG/NR1H4/GPR18/RASGRP1/NLRC3/SPN/NOD2/ACP5/LILRA4/LILRB1/CYBB/SASH3",17
"GO:0036037","CD8-positive, alpha-beta T cell activation","7/507","23/18670",1.75593103808e-06,4.11723919191877e-05,3.39076524698452e-05,"RUNX3/XCL1/EOMES/TNFSF8/NCKAP1L/GPR18/LILRB1",7
"GO:0002685","regulation of leukocyte migration","19/507","196/18670",1.75626805887723e-06,4.11723919191877e-05,3.39076524698452e-05,"TNFRSF18/XCL2/XCL1/ITGA4/CCR2/STAP1/CXCL13/RIPOR2/TNF/GPSM3/CCR6/KLRK1/NCKAP1L/GPR18/SPN/CCR7/AIRE/RAC2/CXCR3",19
"GO:0032613","interleukin-10 production","10/507","55/18670",1.94884213278519e-06,4.54149818443692e-05,3.74016507062722e-05,"FCGR2B/XCL1/CD28/TIGIT/IRF4/NOD2/LGALS9B/LILRB1/SASH3/CD40LG",10
"GO:0002717","positive regulation of natural killer cell mediated immunity","8/507","33/18670",2.13622919954178e-06,4.94872030544738e-05,4.07553412531702e-05,"SLAMF6/NCR3/CRTAM/LAG3/KLRK1/RASGRP1/VAV1/SH2D1A",8
"GO:0034341","response to interferon-gamma","19/507","199/18670",2.20500707888109e-06,5.0780015963644e-05,4.18200413784074e-05,"GBP5/XCL2/XCL1/TXK/IRGM/IRF4/UBD/HLA-DQA1/HLA-DQB2/HLA-DPB1/STAR/SLC30A8/IFNG/CIITA/CCL22/CCL17/IRF8/IL12RB1/WAS",19
"GO:0032640","tumor necrosis factor production","17/507","163/18670",2.25725928380873e-06,5.13788959076231e-05,4.23132508341869e-05,"PTPN22/CD2/SLAMF1/PTPRC/CCR2/IFNG/NR1H4/GPR18/RASGRP1/NLRC3/SPN/NOD2/ACP5/LILRA4/LILRB1/CYBB/SASH3",17
"GO:1903555","regulation of tumor necrosis factor superfamily cytokine production","17/507","163/18670",2.25725928380873e-06,5.13788959076231e-05,4.23132508341869e-05,"PTPN22/CD2/SLAMF1/PTPRC/CCR2/IFNG/NR1H4/GPR18/RASGRP1/NLRC3/SPN/NOD2/ACP5/LILRA4/LILRB1/CYBB/SASH3",17
"GO:2000404","regulation of T cell migration","9/507","44/18670",2.27513743348981e-06,5.14477512980279e-05,4.23699569068655e-05,"XCL2/XCL1/ITGA4/CCR2/CXCL13/RIPOR2/CCR6/SPN/AIRE",9
"GO:1903038","negative regulation of leukocyte cell-cell adhesion","15/507","129/18670",2.2865667243568e-06,5.14477512980279e-05,4.23699569068655e-05,"PLA2G2D/RUNX3/PTPN22/TNFAIP8L2/FCGR2B/XCL1/LAX1/CTLA4/TIGIT/RIPOR2/LAG3/SPN/LGALS9B/TBX21/LILRB1",15
"GO:0045582","positive regulation of T cell differentiation","12/507","83/18670",2.37432996672792e-06,5.3117153255656e-05,4.37447981238353e-05,"RUNX3/PTPRC/ZAP70/IL7R/MYB/CD27/NCKAP1L/TESPA1/IFNG/RASGRP1/IL12RB1/SASH3",12
"GO:0002861","regulation of inflammatory response to antigenic stimulus","7/507","24/18670",2.4211713283667e-06,5.38573054008842e-05,4.43543527439426e-05,"FCGR2B/CD28/LTA/TNF/NLRP6/CCR7/BTK",7
"GO:0045066","regulatory T cell differentiation","8/507","34/18670",2.72758543291634e-06,6.03304913551834e-05,4.9685365334658e-05,"TNFRSF18/PLA2G2D/CR1/CD28/CTLA4/FUT7/LAG3/IFNG",8
"GO:0033209","tumor necrosis factor-mediated signaling pathway","17/507","167/18670",3.15162690024839e-06,6.93180860363621e-05,5.70871271168588e-05,"TNFRSF18/TNFRSF9/AIM2/EDAR/H2BC11/LTA/TNF/LTB/TNFSF8/CD27/NR1H4/TNFSF11/TNFRSF17/TNFRSF13B/CD70/TNFRSF13C/CD40LG",17
"GO:0050901","leukocyte tethering or rolling","7/507","25/18670",3.28437346698747e-06,7.18342018058991e-05,5.91592821486775e-05,"SELL/ITGA4/CCR2/TNF/ITGB7/SELPLG/SPN",7
"GO:0002437","inflammatory response to antigenic stimulus","9/507","46/18670",3.36916596511651e-06,7.3279359741284e-05,6.03494464979641e-05,"FCGR2B/CD28/LTA/TNF/NLRP6/CD6/RASGRP1/CCR7/BTK",9
"GO:0071706","tumor necrosis factor superfamily cytokine production","17/507","168/18670",3.42005747390079e-06,7.39752763001193e-05,6.09225707621874e-05,"PTPN22/CD2/SLAMF1/PTPRC/CCR2/IFNG/NR1H4/GPR18/RASGRP1/NLRC3/SPN/NOD2/ACP5/LILRA4/LILRB1/CYBB/SASH3",17
"GO:0002701","negative regulation of production of molecular mediator of immune response","8/507","35/18670",3.45231684118291e-06,7.42627496331378e-05,6.11593203270286e-05,"FCRL3/FCGR2B/XCL1/CD96/TNF/TBX21/CD22/LILRB1",8
"GO:0001776","leukocyte homeostasis","12/507","86/18670",3.48198691935311e-06,7.44916873730459e-05,6.1347862720613e-05,"CCR2/SLC7A11/GAPT/SIT1/NCKAP1L/FLT3/CCNB2/TNFRSF17/CORO1A/TNFRSF13B/TNFRSF13C/GPR174",12
"GO:0002312","B cell activation involved in immune response","11/507","73/18670",4.13236206886678e-06,8.69795564495347e-05,7.16322864569267e-05,"FCGR2B/PTPRC/CD28/GAPT/CD180/CCR6/AICDA/BATF/CD19/TBX21/CD40LG",11
"GO:0032945","negative regulation of mononuclear cell proliferation","11/507","73/18670",4.13236206886678e-06,8.69795564495347e-05,7.16322864569267e-05,"PLA2G2D/FCGR2B/XCL1/CTLA4/INPP5D/LST1/SPN/TNFRSF13B/LGALS9B/LILRB1/BTK",11
"GO:0050672","negative regulation of lymphocyte proliferation","11/507","73/18670",4.13236206886678e-06,8.69795564495347e-05,7.16322864569267e-05,"PLA2G2D/FCGR2B/XCL1/CTLA4/INPP5D/LST1/SPN/TNFRSF13B/LGALS9B/LILRB1/BTK",11
"GO:0032733","positive regulation of interleukin-10 production","8/507","36/18670",4.33397291982004e-06,9.06539430480442e-05,7.46583390619505e-05,"XCL1/CD28/TIGIT/IRF4/NOD2/LGALS9B/SASH3/CD40LG",8
"GO:0060401","cytosolic calcium ion transport","17/507","171/18670",4.3532417095868e-06,9.06539430480442e-05,7.46583390619505e-05,"LCK/MCOLN2/XCL1/FASLG/PTPRC/CCR5/CXCL9/CXCL11/MS4A1/P2RX2/PLCB2/CD19/CORO1A/P2RX5/CCR7/JSRP1/F2RL3",17
"GO:0002360","T cell lineage commitment","7/507","26/18670",4.38970739348633e-06,9.09296531507882e-05,7.4885400981613e-05,"SLAMF6/LY9/IRF4/BATF/SPN/TBX21/IL12RB1",7
"GO:0045576","mast cell activation","10/507","60/18670",4.44866174551536e-06,9.16658459668034e-05,7.54916948837316e-05,"CNR2/CD84/RHOH/LAT2/CHGA/RASGRP1/MILR1/CD300LF/RAC2/BTK",10
"GO:0032874","positive regulation of stress-activated MAPK cascade","17/507","172/18670",4.7117133264351e-06,9.657778886384e-05,7.95369408590285e-05,"SLAMF1/FCGR2B/EDAR/WNT7A/TLR6/TNF/FGD2/NCF1/WNT16/CD27/IL26/TNFSF11/RASGRP1/NOD2/CCR7/MAP4K1/CD40LG",17
"GO:0002698","negative regulation of immune effector process","14/507","120/18670",4.76678167876996e-06,9.71976576686687e-05,8.00474357569758e-05,"FCRL3/CD84/FCGR2B/XCL1/PTPRC/CR1/CCR2/CD96/IL7R/TNF/TBX21/PGLYRP2/CD22/LILRB1",14
"GO:0050707","regulation of cytokine secretion","19/507","210/18670",4.88224937123555e-06,9.90363020123689e-05,8.15616570716908e-05,"PTPN22/CD2/AIM2/CD244/FCGR2B/TLR10/TLR6/TNF/CARD17/CRTAM/IFNG/IL26/NR1H4/RASGRP1/NOD2/LGALS9B/CCR7/LILRB1/NLRP7",19
"GO:0034612","response to tumor necrosis factor","24/507","312/18670",5.03082750797305e-06,0.000101524173678941,8.36105515839471e-05,"TNFRSF18/TNFRSF9/AIM2/XCL2/XCL1/AFF3/EDAR/H2BC11/UBD/LTA/TNF/LTB/TNFSF8/CD27/NR1H4/TNFSF11/TCL1A/TNFRSF17/CCL22/CCL17/TNFRSF13B/CD70/TNFRSF13C/CD40LG",24
"GO:0070304","positive regulation of stress-activated protein kinase signaling cascade","17/507","173/18670",5.09648166684721e-06,0.000102168837435282,8.41414664419625e-05,"SLAMF1/FCGR2B/EDAR/WNT7A/TLR6/TNF/FGD2/NCF1/WNT16/CD27/IL26/TNFSF11/RASGRP1/NOD2/CCR7/MAP4K1/CD40LG",17
"GO:0002287","alpha-beta T cell activation involved in immune response","10/507","61/18670",5.19325636005649e-06,0.000102168837435282,8.41414664419625e-05,"SLAMF6/LY9/EOMES/IRF4/MYB/IFNG/BATF/SPN/TBX21/IL12RB1",10
"GO:0002293","alpha-beta T cell differentiation involved in immune response","10/507","61/18670",5.19325636005649e-06,0.000102168837435282,8.41414664419625e-05,"SLAMF6/LY9/EOMES/IRF4/MYB/IFNG/BATF/SPN/TBX21/IL12RB1",10
"GO:0045123","cellular extravasation","10/507","61/18670",5.19325636005649e-06,0.000102168837435282,8.41414664419625e-05,"SELL/ITGA4/CCR2/RIPOR2/TNF/JAML/ITGB7/SELPLG/SPN/ITGB2",10
"GO:2000514","regulation of CD4-positive, alpha-beta T cell activation","10/507","61/18670",5.19325636005649e-06,0.000102168837435282,8.41414664419625e-05,"RUNX3/XCL1/IRF4/MYB/NCKAP1L/IFNG/LGALS9B/TBX21/IL12RB1/SASH3",10
"GO:0002714","positive regulation of B cell mediated immunity","8/507","37/18670",5.39913372616777e-06,0.000104641626425479,8.61779395687956e-05,"XCL1/PTPRC/CD28/LTA/TNF/TBX21/FCER2/BTK",8
"GO:0002891","positive regulation of immunoglobulin mediated immune response","8/507","37/18670",5.39913372616777e-06,0.000104641626425479,8.61779395687956e-05,"XCL1/PTPRC/CD28/LTA/TNF/TBX21/FCER2/BTK",8
"GO:0045730","respiratory burst","8/507","37/18670",5.39913372616777e-06,0.000104641626425479,8.61779395687956e-05,"CD52/JCHAIN/NCF1B/NCF1/NCF1C/NCF4/RAC2/CYBB",8
"GO:0002534","cytokine production involved in inflammatory response","9/507","49/18670",5.84442014193138e-06,0.000112713817022962,9.28258174474245e-05,"GBP5/CD96/TLR6/GPSM3/CD6/NLRC3/ADCY7/NOD2/NLRP7",9
"GO:0071621","granulocyte chemotaxis","14/507","123/18670",6.3796660062465e-06,0.000122433296149289,0.000100830324959407,"XCL2/XCL1/CXCL9/CXCL11/CXCL13/RIPOR2/JAML/NCKAP1L/CCL22/CCL17/CCR7/VAV1/ITGB2/RAC2",14
"GO:0002707","negative regulation of lymphocyte mediated immunity","8/507","38/18670",6.67765063041555e-06,0.00012752684008818,0.000105025129042171,"FCGR2B/XCL1/PTPRC/CR1/CD96/IL7R/TBX21/LILRB1",8
"GO:0097530","granulocyte migration","15/507","141/18670",6.94490780103988e-06,0.000131986961364423,0.000108698275904881,"MCOLN2/XCL2/XCL1/CXCL9/CXCL11/CXCL13/RIPOR2/JAML/NCKAP1L/CCL22/CCL17/CCR7/VAV1/ITGB2/RAC2",15
"GO:2000401","regulation of lymphocyte migration","10/507","63/18670",7.01133471321049e-06,0.000132053485849222,0.000108753062352939,"XCL2/XCL1/ITGA4/CCR2/CXCL13/RIPOR2/CCR6/KLRK1/SPN/AIRE",10
"GO:0051209","release of sequestered calcium ion into cytosol","14/507","124/18670",7.01586846912854e-06,0.000132053485849222,0.000108753062352939,"LCK/MCOLN2/XCL1/FASLG/PTPRC/CCR5/CXCL9/CXCL11/PLCB2/CD19/CORO1A/CCR7/JSRP1/F2RL3",14
"GO:0045577","regulation of B cell differentiation","7/507","28/18670",7.53782543756769e-06,0.000141198978890323,0.000116284861824577,"FCRL3/INPP5D/CARD11/CD27/NCKAP1L/IKZF3/BTK",7
"GO:0002710","negative regulation of T cell mediated immunity","6/507","19/18670",7.81733255135039e-06,0.000144362532728947,0.000118890216508373,"FCGR2B/XCL1/PTPRC/IL7R/TBX21/LILRB1",6
"GO:0002922","positive regulation of humoral immune response","6/507","19/18670",7.81733255135039e-06,0.000144362532728947,0.000118890216508373,"FCGR2B/PTPRC/LTA/TNF/CCR7/FCER2",6
"GO:0045076","regulation of interleukin-2 biosynthetic process","6/507","19/18670",7.81733255135039e-06,0.000144362532728947,0.000118890216508373,"PTPRC/CD28/IRF4/CARD11/CD3E/LAG3",6
"GO:0070664","negative regulation of leukocyte proliferation","11/507","78/18670",7.9942428326463e-06,0.000146936435163429,0.000121009961929309,"PLA2G2D/FCGR2B/XCL1/CTLA4/INPP5D/LST1/SPN/TNFRSF13B/LGALS9B/LILRB1/BTK",11
"GO:0051283","negative regulation of sequestering of calcium ion","14/507","126/18670",8.45928318392555e-06,0.00015475744703303,0.000127450980778967,"LCK/MCOLN2/XCL1/FASLG/PTPRC/CCR5/CXCL9/CXCL11/PLCB2/CD19/CORO1A/CCR7/JSRP1/F2RL3",14
"GO:0071346","cellular response to interferon-gamma","17/507","180/18670",8.67959812014303e-06,0.000158049426234232,0.000130162100572818,"GBP5/XCL2/XCL1/TXK/IRGM/IRF4/HLA-DQA1/HLA-DQB2/HLA-DPB1/STAR/IFNG/CIITA/CCL22/CCL17/IRF8/IL12RB1/WAS",17
"GO:0002863","positive regulation of inflammatory response to antigenic stimulus","5/507","12/18670",9.79268789838181e-06,0.00017749246815817,0.000146174478717073,"CD28/LTA/TNF/CCR7/BTK",5
"GO:0002687","positive regulation of leukocyte migration","14/507","128/18670",1.01597105575774e-05,0.000182455352444566,0.000150261677633315,"TNFRSF18/XCL2/XCL1/ITGA4/CCR2/CXCL13/RIPOR2/TNF/GPSM3/CCR6/NCKAP1L/SPN/CCR7/RAC2",14
"GO:0051282","regulation of sequestering of calcium ion","14/507","128/18670",1.01597105575774e-05,0.000182455352444566,0.000150261677633315,"LCK/MCOLN2/XCL1/FASLG/PTPRC/CCR5/CXCL9/CXCL11/PLCB2/CD19/CORO1A/CCR7/JSRP1/F2RL3",14
"GO:0002577","regulation of antigen processing and presentation","6/507","20/18670",1.0912197702202e-05,0.0001950742191969,0.000160653984916342,"FCGR2B/HLA-DOB/HLA-DOA/NOD2/CCR7/WAS",6
"GO:0032743","positive regulation of interleukin-2 production","7/507","30/18670",1.23642608445904e-05,0.000220027641848052,0.000181204454387466,"PTPRC/CD28/CCR2/IRF4/CARD11/CD3E/SASH3",7
"GO:0046328","regulation of JNK cascade","17/507","185/18670",1.24772510419472e-05,0.000220038008239744,0.00018121299166185,"PTPN22/SLAMF1/FCGR2B/EDAR/WNT7A/TLR6/TNF/FGD2/NCF1/WNT16/CD27/TNFSF11/RASGRP1/NOD2/CCR7/MAP4K1/CD40LG",17
"GO:1903708","positive regulation of hemopoiesis","17/507","185/18670",1.24772510419472e-05,0.000220038008239744,0.00018121299166185,"RUNX3/PTPRC/ZAP70/INPP5D/IL7R/TNF/MYB/CD27/NCKAP1L/TESPA1/IFNG/TNFSF11/RASGRP1/EVI2B/IL12RB1/BTK/SASH3",17
"GO:0051208","sequestering of calcium ion","14/507","131/18670",1.32778934654047e-05,0.000232944649373681,0.000191842296439224,"LCK/MCOLN2/XCL1/FASLG/PTPRC/CCR5/CXCL9/CXCL11/PLCB2/CD19/CORO1A/CCR7/JSRP1/F2RL3",14
"GO:0002688","regulation of leukocyte chemotaxis","13/507","114/18670",1.33281229782132e-05,0.000232944649373681,0.000191842296439224,"XCL2/XCL1/CCR2/STAP1/CXCL13/RIPOR2/GPSM3/CCR6/KLRK1/NCKAP1L/GPR18/CCR7/RAC2",13
"GO:0032655","regulation of interleukin-12 production","9/507","54/18670",1.34119789532856e-05,0.00023336843378717,0.000192191305421819,"SLAMF1/TIGIT/LTB/IFNG/IRF8/CCR7/ACP5/LILRB1/CD40LG",9
"GO:0050764","regulation of phagocytosis","12/507","98/18670",1.37781291413602e-05,0.000238678653046129,0.000196564553143858,"FCGR2B/PTPRC/STAP1/DOCK2/TNF/C2/NCKAP1L/IFNG/CD300LF/SIRPG/IL2RB/IL2RG",12
"GO:0002292","T cell differentiation involved in immune response","10/507","68/18670",1.41280559062518e-05,0.000243662285784034,0.0002006688395124,"SLAMF6/LY9/EOMES/IRF4/MYB/IFNG/BATF/SPN/TBX21/IL12RB1",10
"GO:0097028","dendritic cell differentiation","8/507","42/18670",1.46506638471391e-05,0.000251019203942471,0.000206727652530964,"FCGR2B/CAMK4/IRF4/UBD/FLT3/BATF/CCR7/LILRB1",8
"GO:2000106","regulation of leukocyte apoptotic process","11/507","83/18670",1.46828602050641e-05,0.000251019203942471,0.000206727652530964,"PDCD1/CCR5/SLC7A11/IL7R/CD3G/CD27/NOD2/AURKB/CCR7/LILRB1/BTK",11
"GO:0035590","purinergic nucleotide receptor signaling pathway","6/507","21/18670",1.49278336359148e-05,0.000254097689933071,0.000209262949321771,"GPR171/P2RY13/P2RX2/P2RX5/P2RX1/P2RY10",6
"GO:0045086","positive regulation of interleukin-2 biosynthetic process","5/507","13/18670",1.55580065760244e-05,0.000262541360970412,0.000216216761081501,"PTPRC/CD28/IRF4/CARD11/CD3E",5
"GO:1902713","regulation of interferon-gamma secretion","5/507","13/18670",1.55580065760244e-05,0.000262541360970412,0.000216216761081501,"PTPN22/CD2/CD244/NR1H4/RASGRP1",5
"GO:0071356","cellular response to tumor necrosis factor","22/507","291/18670",1.62645292384186e-05,0.000273285974113342,0.000225065520927382,"TNFRSF18/TNFRSF9/AIM2/XCL2/XCL1/EDAR/H2BC11/LTA/TNF/LTB/TNFSF8/CD27/NR1H4/TNFSF11/TCL1A/TNFRSF17/CCL22/CCL17/TNFRSF13B/CD70/TNFRSF13C/CD40LG",22
"GO:0032615","interleukin-12 production","9/507","56/18670",1.82090920341115e-05,0.000304652116724558,0.000250897206030065,"SLAMF1/TIGIT/LTB/IFNG/IRF8/CCR7/ACP5/LILRB1/CD40LG",9
"GO:0050729","positive regulation of inflammatory response","15/507","153/18670",1.86930072655495e-05,0.000311417546572878,0.000256468896996094,"GBP5/CD28/CCR2/TLR10/TLR6/STAP1/LTA/TNF/GPSM3/CD6/TNFSF11/NOD2/CCR7/TLR7/BTK",15
"GO:0042094","interleukin-2 biosynthetic process","6/507","22/18670",2.00567647428956e-05,0.000331317442904795,0.000272857519020605,"PTPRC/CD28/IRF4/CARD11/CD3E/LAG3",6
"GO:0072643","interferon-gamma secretion","6/507","22/18670",2.00567647428956e-05,0.000331317442904795,0.000272857519020605,"PTPN22/CD2/CD244/NR1H4/RASGRP1/LILRB1",6
"GO:0061756","leukocyte adhesion to vascular endothelial cell","8/507","44/18670",2.09757305114791e-05,0.000345041953581683,0.000284160382824681,"SELL/ITGA4/CCR2/TNF/ITGB7/SELPLG/SPN/ITGB2",8
"GO:0043374","CD8-positive, alpha-beta T cell differentiation","5/507","14/18670",2.36616178967907e-05,0.000385980141941398,0.000317875156218727,"RUNX3/EOMES/TNFSF8/NCKAP1L/GPR18",5
"GO:0050862","positive regulation of T cell receptor signaling pathway","5/507","14/18670",2.36616178967907e-05,0.000385980141941398,0.000317875156218727,"LCK/TRAT1/TESPA1/CCR7/KCNN4",5
"GO:0032633","interleukin-4 production","7/507","33/18670",2.41784414423458e-05,0.000392774266584165,0.000323470478872702,"CD28/ITK/IRF4/CD3E/CLECL1/SASH3/CD40LG",7
"GO:0071887","leukocyte apoptotic process","12/507","104/18670",2.53084033038439e-05,0.000409431400555988,0.000337188513787186,"FASLG/PDCD1/CCR5/SLC7A11/IL7R/CD3G/CD27/NOD2/AURKB/CCR7/LILRB1/BTK",12
"GO:0032872","regulation of stress-activated MAPK cascade","19/507","237/18670",2.73012483122577e-05,0.000439853445030818,0.000362242683909228,"PTPN22/SLAMF1/FCGR2B/EDAR/WNT7A/TLR6/TNF/FGD2/NCF1/WNT16/PBK/CD27/IL26/TNFSF11/RASGRP1/NOD2/CCR7/MAP4K1/CD40LG",19
"GO:0097553","calcium ion transmembrane import into cytosol","14/507","140/18670",2.82705693683166e-05,0.000453603602774424,0.000373566669435521,"LCK/MCOLN2/XCL1/FASLG/PTPRC/CCR5/CXCL9/CXCL11/PLCB2/CD19/CORO1A/CCR7/JSRP1/F2RL3",14
"GO:1900015","regulation of cytokine production involved in inflammatory response","8/507","46/18670",2.94458542328246e-05,0.000470532731924524,0.000387508706831974,"GBP5/TLR6/GPSM3/CD6/NLRC3/ADCY7/NOD2/NLRP7",8
"GO:0070302","regulation of stress-activated protein kinase signaling cascade","19/507","239/18670",3.06615533833005e-05,0.000487967404453745,0.00040186708606354,"PTPN22/SLAMF1/FCGR2B/EDAR/WNT7A/TLR6/TNF/FGD2/NCF1/WNT16/PBK/CD27/IL26/TNFSF11/RASGRP1/NOD2/CCR7/MAP4K1/CD40LG",19
"GO:0002294","CD4-positive, alpha-beta T cell differentiation involved in immune response","9/507","60/18670",3.2273773746741e-05,0.000511545847038425,0.000421285186389379,"SLAMF6/LY9/IRF4/MYB/IFNG/BATF/SPN/TBX21/IL12RB1",9
"GO:0050871","positive regulation of B cell activation","14/507","142/18670",3.31421474270326e-05,0.000523191561196906,0.000430876050802211,"FCRL3/PTPRC/CD28/INPP5D/CARD11/CD27/NCKAP1L/NOD2/TBX21/IGLL5/IGLL1/TNFRSF13C/BTK/SASH3",14
"GO:0043370","regulation of CD4-positive, alpha-beta T cell differentiation","8/507","47/18670",3.46515989554015e-05,0.000544823332973482,0.000448690964279835,"RUNX3/IRF4/MYB/NCKAP1L/IFNG/TBX21/IL12RB1/SASH3",8
"GO:0022408","negative regulation of cell-cell adhesion","16/507","181/18670",3.60417377148745e-05,0.000564413612614935,0.000464824600508045,"PLA2G2D/RUNX3/PTPN22/TNFAIP8L2/FCGR2B/XCL1/LAX1/CTLA4/TIGIT/RIPOR2/LAG3/WNT1/SPN/LGALS9B/TBX21/LILRB1",16
"GO:0034113","heterotypic cell-cell adhesion","9/507","61/18670",3.69607863713593e-05,0.000576499914915823,0.000474778312667115,"LCK/CD2/PTPRC/ITGA4/TNF/ITGB7/ITGAD/SKAP1/ITGB2",9
"GO:0001774","microglial cell activation","8/507","48/18670",4.06044517658287e-05,0.000628325804992962,0.000517459686951251,"PTPRC/TLR6/STAP1/TNF/IFNG/CST7/ITGB2/TLR7",8
"GO:0002269","leukocyte activation involved in inflammatory response","8/507","48/18670",4.06044517658287e-05,0.000628325804992962,0.000517459686951251,"PTPRC/TLR6/STAP1/TNF/IFNG/CST7/ITGB2/TLR7",8
"GO:0002260","lymphocyte homeostasis","9/507","62/18670",4.22109094344668e-05,0.000650613033212353,0.000535814403637679,"GAPT/SIT1/NCKAP1L/CCNB2/TNFRSF17/CORO1A/TNFRSF13B/TNFRSF13C/GPR174",9
"GO:0048872","homeostasis of number of cells","19/507","246/18670",4.55202500799822e-05,0.000698869721816198,0.000575556350856493,"INPP5D/CCR4/CCR2/SLC7A11/IL7R/GAPT/CARD11/IKZF1/SIT1/NCKAP1L/FLT3/CCNB2/TNFRSF17/CORO1A/TNFRSF13B/CCR7/TNFRSF13C/GPR174/SASH3",19
"GO:0046637","regulation of alpha-beta T cell differentiation","9/507","63/18670",4.80775052213427e-05,0.000733290737376225,0.000603903886155375,"RUNX3/ZAP70/IRF4/MYB/NCKAP1L/IFNG/TBX21/IL12RB1/SASH3",9
"GO:0019882","antigen processing and presentation","18/507","226/18670",4.813683767706e-05,0.000733290737376225,0.000603903886155375,"CD1A/CD1C/CD1E/FCGR2B/CD8A/HLA-DQA1/HLA-DQB2/HLA-DOB/HLA-DOA/HLA-DPB1/NCF1/LAG3/NOD2/CCR7/NCF4/CYBB/WAS/KIF4A",18
"GO:0030889","negative regulation of B cell proliferation","5/507","16/18670",4.93505395116781e-05,0.00074886574491558,0.000616730732453162,"FCGR2B/CTLA4/INPP5D/TNFRSF13B/BTK",5
"GO:0048247","lymphocyte chemotaxis","9/507","64/18670",5.46175713114122e-05,0.000825589929282544,0.000679917175073585,"XCL2/XCL1/CCR2/CXCL11/CXCL13/KLRK1/CCL22/CCL17/CXCR3",9
"GO:0001916","positive regulation of T cell mediated cytotoxicity","6/507","26/18670",5.64290934036937e-05,0.000846436401055405,0.000697085352270674,"CD1A/CD1C/CD1E/XCL1/PTPRC/IL12RB1",6
"GO:0072539","T-helper 17 cell differentiation","6/507","26/18670",5.64290934036937e-05,0.000846436401055405,0.000697085352270674,"SLAMF6/LY9/IRF4/BATF/TBX21/IL12RB1",6
"GO:0006816","calcium ion transport","27/507","434/18670",6.04369366516201e-05,0.000903093919813331,0.000743745829505474,"LCK/MCOLN2/FCRL3/CD84/XCL1/FASLG/PTPRC/CXCR4/CCR5/CHRNA9/CXCL9/CXCL11/MS4A1/P2RX2/PLCB2/IL16/PRKCB/CD19/CORO1A/P2RX5/P2RX1/ATP2A3/CCR7/JSRP1/F2RL3/KCNN4/LILRB1",27
"GO:0070838","divalent metal ion transport","29/507","483/18670",6.13496696369877e-05,0.000913246983379494,0.000752107416842479,"LCK/MCOLN2/FCRL3/CD84/XCL1/FASLG/PTPRC/CXCR4/CCR5/CHRNA9/CXCL9/CXCL11/SLC30A8/MS4A1/IFNG/P2RX2/PLCB2/IL16/PRKCB/CD19/CORO1A/P2RX5/P2RX1/ATP2A3/CCR7/JSRP1/F2RL3/KCNN4/LILRB1",29
"GO:0007059","chromosome segregation","22/507","321/18670",7.17618799654808e-05,0.00106419606085173,0.000876422002927702,"NUF2/KIF14/NEK2/BUB1/SPC25/HJURP/SGO1/NCAPG/ESCO2/MKI67/DLGAP5/NUSAP1/RMI2/HASPIN/AURKB/TOP2A/KIF18B/BRIP1/BIRC5/SKA1/MEI1/KIF4A",22
"GO:0050856","regulation of T cell receptor signaling pathway","7/507","39/18670",7.56136014509088e-05,0.00111708396105777,0.00091997799898365,"LCK/PTPN22/TRAT1/TESPA1/CCR7/KCNN4/UBASH3A",7
"GO:0072511","divalent inorganic cation transport","29/507","489/18670",7.6269455628037e-05,0.00112253728866077,0.000924469104031172,"LCK/MCOLN2/FCRL3/CD84/XCL1/FASLG/PTPRC/CXCR4/CCR5/CHRNA9/CXCL9/CXCL11/SLC30A8/MS4A1/IFNG/P2RX2/PLCB2/IL16/PRKCB/CD19/CORO1A/P2RX5/P2RX1/ATP2A3/CCR7/JSRP1/F2RL3/KCNN4/LILRB1",29
"GO:0007254","JNK cascade","17/507","214/18670",8.01022952601779e-05,0.00117270774529619,0.000965787140913416,"PTPN22/SLAMF1/FCGR2B/EDAR/WNT7A/TLR6/TNF/FGD2/NCF1/WNT16/CD27/TNFSF11/RASGRP1/NOD2/CCR7/MAP4K1/CD40LG",17
"GO:0050921","positive regulation of chemotaxis","13/507","135/18670",8.02773118108246e-05,0.00117270774529619,0.000965787140913416,"XCL2/XCL1/CXCR4/CCR4/CCR2/CXCL13/RIPOR2/GPSM3/CCR6/NCKAP1L/IL16/CCR7/RAC2",13
"GO:0010818","T cell chemotaxis","6/507","28/18670",8.81779803057142e-05,0.0012833338025906,0.00105689357728978,"XCL2/XCL1/CCR2/CXCL11/CXCL13/CXCR3",6
"GO:0002823","negative regulation of adaptive immune response based on somatic recombination of immune receptors built from immunoglobulin superfamily domains","7/507","40/18670",8.95290942303565e-05,0.00129817186634017,0.00106911351121864,"FCGR2B/XCL1/PTPRC/CR1/IL7R/TBX21/LILRB1",7
"GO:0050920","regulation of chemotaxis","17/507","217/18670",9.5075915007035e-05,0.00137351367989868,0.00113116149802505,"XCL2/XCL1/CXCR4/CCR4/CCR2/STAP1/CXCL13/RIPOR2/GPSM3/CCR6/KLRK1/PTPRO/NCKAP1L/GPR18/IL16/CCR7/RAC2",17
"GO:0002221","pattern recognition receptor signaling pathway","16/507","197/18670",9.94896445648931e-05,0.00143199249438072,0.0011793219090645,"GFI1/PTPN22/FCRL3/TLR10/TLR6/IRGM/IRF4/NLRP6/NR1H4/NOD2/CD300LF/PGLYRP2/LILRA4/ITGB2/TLR7/BTK",16
"GO:0072538","T-helper 17 type immune response","6/507","29/18670",0.000108649189069418,0.00155810100808342,0.00128317897096444,"SLAMF6/LY9/IRF4/BATF/TBX21/IL12RB1",6
"GO:0140014","mitotic nuclear division","19/507","264/18670",0.000116816080948413,0.00166910568216436,0.00137459721838259,"NUF2/KIF14/NEK2/BUB1/CD28/SGO1/NCAPG/CDC25C/MKI67/DLGAP5/NUSAP1/HASPIN/AURKB/KIF18B/BIRC5/TPX2/MYBL2/UBE2C/KIF4A",19
"GO:0002690","positive regulation of leukocyte chemotaxis","10/507","87/18670",0.000122741247286337,0.00174738902954913,0.00143906771459541,"XCL2/XCL1/CCR2/CXCL13/RIPOR2/GPSM3/CCR6/NCKAP1L/CCR7/RAC2",10
"GO:0050869","negative regulation of B cell activation","6/507","30/18670",0.000132720421125625,0.00188261032140154,0.0015504296335156,"FCGR2B/CTLA4/INPP5D/TNFRSF13B/SLA2/BTK",6
"GO:0000280","nuclear division","25/507","407/18670",0.000137288100900546,0.00194037153438859,0.00159799906159367,"NUF2/ASPM/KIF14/NEK2/BUB1/CD28/DAZL/SGO1/NCAPG/CDC25C/MKI67/DLGAP5/NUSAP1/DPEP3/HASPIN/AURKB/TOP2A/KIF18B/BRIP1/BIRC5/TPX2/MYBL2/UBE2C/MEI1/KIF4A",25
"GO:0051056","regulation of small GTPase mediated signal transduction","22/507","338/18670",0.000151532045151133,0.00213398545599527,0.00175745041385051,"EPS8L3/ARHGAP30/KIF14/GPR55/RHOH/RIPOR2/FGD2/TAGAP/ARHGAP9/GPR18/RASGRP1/RASGRF1/ARHGAP45/VAV1/RASAL3/F2RL3/RAC2/CYTH4/SH3BP1/P2RY10/GPR174/ARHGAP4",22
"GO:1900017","positive regulation of cytokine production involved in inflammatory response","5/507","20/18670",0.000160098672131967,0.00224073875406582,0.0018453674272242,"GBP5/TLR6/GPSM3/CD6/NOD2",5
"GO:0051482","positive regulation of cytosolic calcium ion concentration involved in phospholipase C-activating G protein-coupled signaling pathway","6/507","31/18670",0.000160829524876755,0.00224073875406582,0.0018453674272242,"GPR55/CALCA/GPR18/F2RL3/P2RY10/GPR174",6
"GO:2000406","positive regulation of T cell migration","6/507","31/18670",0.000160829524876755,0.00224073875406582,0.0018453674272242,"XCL2/XCL1/ITGA4/CCR2/CXCL13/SPN",6
"GO:0042093","T-helper cell differentiation","8/507","58/18670",0.0001626598612256,0.00225022387525874,0.00185317892852524,"SLAMF6/LY9/IRF4/MYB/BATF/SPN/TBX21/IL12RB1",8
"GO:0061900","glial cell activation","8/507","58/18670",0.0001626598612256,0.00225022387525874,0.00185317892852524,"PTPRC/TLR6/STAP1/TNF/IFNG/CST7/ITGB2/TLR7",8
"GO:0071674","mononuclear cell migration","10/507","90/18670",0.000163244756423999,0.00225036345563365,0.00185329388038069,"XCL2/XCL1/CCR2/TNF/CALCA/JAML/PTPRO/TNFSF11/CCL22/CCL17",10
"GO:0002224","toll-like receptor signaling pathway","13/507","146/18670",0.000177706805567699,0.00244113032911418,0.00201040053722572,"GFI1/PTPN22/FCRL3/TLR10/TLR6/IRF4/NLRP6/NR1H4/CD300LF/LILRA4/ITGB2/TLR7/BTK",13
"GO:0002218","activation of innate immune response","21/507","319/18670",0.000182225912499651,0.00249445610991655,0.00205431715121984,"GFI1/PTPN22/FCRL3/PYHIN1/AIM2/TLR10/TLR6/IRGM/IRF4/CARD11/NLRP6/KLRK1/NR1H4/NOD2/CD300LF/ICAM3/PGLYRP2/LILRA4/ITGB2/TLR7/BTK",21
"GO:0002200","somatic diversification of immune receptors","9/507","75/18670",0.000191348034774126,0.00260787927039681,0.00214772715069582,"PTPRC/CD28/POLQ/CCR6/AICDA/BATF/BCL11B/TBX21/CD40LG",9
"GO:0035587","purinergic receptor signaling pathway","6/507","32/18670",0.000193443379695182,0.00260787927039681,0.00214772715069582,"GPR171/P2RY13/P2RX2/P2RX5/P2RX1/P2RY10",6
"GO:0045589","regulation of regulatory T cell differentiation","6/507","32/18670",0.000193443379695182,0.00260787927039681,0.00214772715069582,"TNFRSF18/CR1/CD28/CTLA4/LAG3/IFNG",6
"GO:0071353","cellular response to interleukin-4","6/507","32/18670",0.000193443379695182,0.00260787927039681,0.00214772715069582,"XCL1/IL24/RUFY4/CORO1A/CD300LF/IL2RG",6
"GO:0002820","negative regulation of adaptive immune response","7/507","45/18670",0.000193842367224897,0.00260787927039681,0.00214772715069582,"FCGR2B/XCL1/PTPRC/CR1/IL7R/TBX21/LILRB1",7
"GO:0000819","sister chromatid segregation","15/507","189/18670",0.000209765081897709,0.00281243251927922,0.00231618762023318,"NUF2/KIF14/NEK2/BUB1/SGO1/NCAPG/ESCO2/DLGAP5/NUSAP1/RMI2/HASPIN/AURKB/TOP2A/KIF18B/KIF4A",15
"GO:0045579","positive regulation of B cell differentiation","4/507","12/18670",0.000223648186680602,0.00298833669233637,0.00246105405353937,"INPP5D/CD27/NCKAP1L/BTK",4
"GO:0002204","somatic recombination of immunoglobulin genes involved in immune response","7/507","47/18670",0.000256371554732566,0.00335683825009364,0.00276453466694543,"PTPRC/CD28/CCR6/AICDA/BATF/TBX21/CD40LG",7
"GO:0002208","somatic diversification of immunoglobulins involved in immune response","7/507","47/18670",0.000256371554732566,0.00335683825009364,0.00276453466694543,"PTPRC/CD28/CCR6/AICDA/BATF/TBX21/CD40LG",7
"GO:0043303","mast cell degranulation","7/507","47/18670",0.000256371554732566,0.00335683825009364,0.00276453466694543,"CD84/LAT2/CHGA/RASGRP1/MILR1/RAC2/BTK",7
"GO:0045190","isotype switching","7/507","47/18670",0.000256371554732566,0.00335683825009364,0.00276453466694543,"PTPRC/CD28/CCR6/AICDA/BATF/TBX21/CD40LG",7
"GO:0046638","positive regulation of alpha-beta T cell differentiation","7/507","47/18670",0.000256371554732566,0.00335683825009364,0.00276453466694543,"RUNX3/ZAP70/MYB/NCKAP1L/IFNG/IL12RB1/SASH3",7
"GO:2000107","negative regulation of leukocyte apoptotic process","7/507","47/18670",0.000256371554732566,0.00335683825009364,0.00276453466694543,"CCR5/IL7R/CD27/NOD2/AURKB/CCR7/LILRB1",7
"GO:0048285","organelle fission","26/507","449/18670",0.000257879247265445,0.00335922773222192,0.00276650253244492,"NUF2/ASPM/KIF14/NEK2/BUB1/CD28/DAZL/SGO1/NCAPG/CDC25C/MTFR2/MKI67/DLGAP5/NUSAP1/DPEP3/HASPIN/AURKB/TOP2A/KIF18B/BRIP1/BIRC5/TPX2/MYBL2/UBE2C/MEI1/KIF4A",26
"GO:0033622","integrin activation","5/507","22/18670",0.000259996263402892,0.00335922773222192,0.00276650253244492,"KIF14/PLEK/CXCL13/MZB1/SKAP1",5
"GO:0048305","immunoglobulin secretion","5/507","22/18670",0.000259996263402892,0.00335922773222192,0.00276650253244492,"LAX1/TNF/CD22/POU2F2/CD40LG",5
"GO:0002562","somatic diversification of immune receptors via germline recombination within a single locus","8/507","62/18670",0.000260979675771519,0.00335922773222192,0.00276650253244492,"PTPRC/CD28/CCR6/AICDA/BATF/BCL11B/TBX21/CD40LG",8
"GO:0016444","somatic cell DNA recombination","8/507","62/18670",0.000260979675771519,0.00335922773222192,0.00276650253244492,"PTPRC/CD28/CCR6/AICDA/BATF/BCL11B/TBX21/CD40LG",8
"GO:0002791","regulation of peptide secretion","28/507","500/18670",0.000261702288206306,0.00335922773222192,0.00276650253244492,"PTPN22/CD2/AIM2/CD244/FCGR2B/TLR10/TLR6/TNF/BLK/SLC30A8/CARD17/CRTAM/IFNG/IL26/NR1H4/TNFSF11/CHGA/RASGRP1/NOD2/LGALS9B/CCR7/SYT4/GRP/CD22/KCNN4/LILRB1/NLRP7/CD40LG",28
"GO:0070374","positive regulation of ERK1 and ERK2 cascade","16/507","215/18670",0.000272312583755949,0.00348399923334817,0.00286925849344504,"PTPN22/SLAMF1/XCL2/XCL1/PTPRC/GPR55/TNF/IL26/FLT3/TNFSF11/RASGRP1/NOD2/CCL22/CCL17/SCIMP/CCR7",16
"GO:0070670","response to interleukin-4","6/507","34/18670",0.000274197389547222,0.0034966865800566,0.00287970719761064,"XCL1/IL24/RUFY4/CORO1A/CD300LF/IL2RG",6
"GO:0042742","defense response to bacterium","21/507","330/18670",0.000288662467338275,0.00366919986892645,0.00302178105761154,"TLR6/JCHAIN/CXCL13/IRGM/H2BC11/LTA/TNF/VGF/TNFSF8/AICDA/KLRK1/NR1H4/RNASE6/CHGA/SPN/NOD2/IRF8/ACP5/PGLYRP2/IGLL5/IGLL1",21
"GO:0002279","mast cell activation involved in immune response","7/507","48/18670",0.000293209840604937,0.0037029565353817,0.00304958146612197,"CD84/LAT2/CHGA/RASGRP1/MILR1/RAC2/BTK",7
"GO:0002711","positive regulation of T cell mediated immunity","7/507","48/18670",0.000293209840604937,0.0037029565353817,0.00304958146612197,"CD1A/CD1C/CD1E/XCL1/PTPRC/IL12RB1/SASH3",7
"GO:0002920","regulation of humoral immune response","12/507","134/18670",0.000296268634171543,0.00372829357650692,0.00307044786579033,"FCGR2B/PTPRC/CR2/CR1/CR1L/CXCL13/LTA/TNF/C2/CD19/CCR7/FCER2",12
"GO:0032612","interleukin-1 production","11/507","115/18670",0.00029712071414308,0.00372829357650692,0.00307044786579033,"GBP5/PYHIN1/AIM2/TLR6/CARD17/IFNG/NR1H4/NOD2/CCR7/ACP5/NLRP7",11
"GO:0033004","negative regulation of mast cell activation","4/507","13/18670",0.000316132711171523,0.0039415909689061,0.00324610960214005,"CNR2/CD84/MILR1/CD300LF",4
"GO:0033623","regulation of integrin activation","4/507","13/18670",0.000316132711171523,0.0039415909689061,0.00324610960214005,"KIF14/PLEK/CXCL13/SKAP1",4
"GO:0032703","negative regulation of interleukin-2 production","5/507","23/18670",0.000324851924758955,0.00399908666526435,0.00329346036316588,"XCL1/PTPRC/LAG3/NR1H4/TBX21",5
"GO:0032753","positive regulation of interleukin-4 production","5/507","23/18670",0.000324851924758955,0.00399908666526435,0.00329346036316588,"CD28/IRF4/CD3E/SASH3/CD40LG",5
"GO:0051403","stress-activated MAPK cascade","19/507","286/18670",0.000325537756738379,0.00399908666526435,0.00329346036316588,"PTPN22/SLAMF1/FCGR2B/EDAR/WNT7A/TLR6/TNF/FGD2/NCF1/WNT16/PBK/CD27/IL26/TNFSF11/RASGRP1/NOD2/CCR7/MAP4K1/CD40LG",19
"GO:0016445","somatic diversification of immunoglobulins","8/507","64/18670",0.000325851506058577,0.00399908666526435,0.00329346036316588,"PTPRC/CD28/POLQ/CCR6/AICDA/BATF/TBX21/CD40LG",8
"GO:0046579","positive regulation of Ras protein signal transduction","8/507","64/18670",0.000325851506058577,0.00399908666526435,0.00329346036316588,"GPR55/GPR18/RASGRP1/RASGRF1/VAV1/F2RL3/P2RY10/GPR174",8
"GO:0050848","regulation of calcium-mediated signaling","10/507","98/18670",0.000329553808980704,0.0040318848817483,0.00332047143719702,"PLEK/ZAP70/TRAT1/TNF/CD3E/P2RX2/P2RX5/JSRP1/CD22/SLA2",10
"GO:0002448","mast cell mediated immunity","7/507","49/18670",0.000334180331212305,0.0040757507685239,0.0033565973258019,"CD84/LAT2/CHGA/RASGRP1/MILR1/RAC2/BTK",7
"GO:0002548","monocyte chemotaxis","8/507","65/18670",0.000362898471526928,0.00441225936654634,0.00363373003689761,"XCL2/XCL1/CCR2/CALCA/PTPRO/TNFSF11/CCL22/CCL17",8
"GO:0007162","negative regulation of cell adhesion","19/507","289/18670",0.000370760892875217,0.00449389750961757,0.00370096338561769,"PLA2G2D/RUNX3/PTPN22/TNFAIP8L2/FCGR2B/XCL1/PTPRC/LAX1/CTLA4/TIGIT/RIPOR2/ADAMDEC1/LAG3/PTPRO/WNT1/SPN/LGALS9B/TBX21/LILRB1",19
"GO:2000516","positive regulation of CD4-positive, alpha-beta T cell activation","6/507","36/18670",0.00037929208010436,0.00458311263459435,0.00377443678154534,"XCL1/MYB/NCKAP1L/IFNG/IL12RB1/SASH3",6
"GO:0002407","dendritic cell chemotaxis","5/507","24/18670",0.000401247838401145,0.00480393054232564,0.00395629206187899,"CXCR4/CCR2/CCR5/CCR6/CCR7",5
"GO:0042832","defense response to protozoan","5/507","24/18670",0.000401247838401145,0.00480393054232564,0.00395629206187899,"IRF4/TSPAN32/CCDC88B/BATF/IRF8",5
"GO:0090023","positive regulation of neutrophil chemotaxis","5/507","24/18670",0.000401247838401145,0.00480393054232564,0.00395629206187899,"XCL1/RIPOR2/NCKAP1L/CCR7/RAC2",5
"GO:0031334","positive regulation of protein complex assembly","18/507","268/18670",0.000406939448543536,0.00485721933246324,0.00400017821209516,"GBP5/AIM2/PLEK/TRABD2A/TLR6/JCHAIN/CXCL13/TNF/WNT10B/NCKAP1L/IFNG/LCP1/TCL1A/CORO1A/CARMIL2/CCR7/SKAP1/WAS",18
"GO:0031098","stress-activated protein kinase signaling cascade","20/507","315/18670",0.000411435476284338,0.00489595711140786,0.00403208083141554,"PTPN22/SLAMF1/FCGR2B/EDAR/WNT7A/TLR6/TNF/FGD2/NCF1/WNT16/PBK/CD27/IL26/TNFSF11/CCDC88C/RASGRP1/NOD2/CCR7/MAP4K1/CD40LG",20
"GO:0050715","positive regulation of cytokine secretion","12/507","139/18670",0.000414801351130942,0.00492105239296253,0.0040527481292315,"PTPN22/CD2/AIM2/CD244/TNF/CRTAM/IFNG/IL26/RASGRP1/NOD2/LGALS9B/NLRP7",12
"GO:0032611","interleukin-1 beta production","10/507","101/18670",0.000420568916340595,0.00497440274161157,0.00409668497615278,"GBP5/PYHIN1/AIM2/TLR6/CARD17/IFNG/NOD2/CCR7/ACP5/NLRP7",10
"GO:0007249","I-kappaB kinase/NF-kappaB signaling","18/507","269/18670",0.000425425198063154,0.00501668569402786,0.00413150723420241,"FASLG/TRAF5/EDAR/TLR6/RHOH/TIFAB/UBD/TNF/CARD11/NLRP6/NR1H4/TNFSF11/NLRC3/PRKCB/NOD2/CCR7/TLR7/BTK",18
"GO:2000403","positive regulation of lymphocyte migration","6/507","37/18670",0.000442436803089746,0.00520162187416323,0.00428381200525966,"XCL2/XCL1/ITGA4/CCR2/CXCL13/SPN",6
"GO:0045165","cell fate commitment","18/507","270/18670",0.000444633609897087,0.00521179815193742,0.00429219271073047,"DMRTA2/SLAMF6/LY9/GDF7/WNT10A/WNT7A/EOMES/IRF4/WNT16/WNT10B/WNT1/BATF/BCL11B/ISL2/SPN/TBX21/IL12RB1/MIAT",18
"GO:0002718","regulation of cytokine production involved in immune response","9/507","84/18670",0.000452303692963383,0.00528587748642282,0.00435320097893744,"XCL1/CCR2/CD96/TNF/NOD2/TBX21/LILRB1/BTK/SASH3",9
"GO:0002367","cytokine production involved in immune response","10/507","102/18670",0.000455194932371314,0.00530383381021933,0.00436798896570594,"XCL1/CCR2/CD96/TNF/CHGA/NOD2/TBX21/LILRB1/BTK/SASH3",10
"GO:0019884","antigen processing and presentation of exogenous antigen","14/507","182/18670",0.000463873656406067,0.00538891799652746,0.00443806031413957,"CD1A/CD1C/CD1E/FCGR2B/HLA-DQA1/HLA-DQB2/HLA-DOB/HLA-DOA/HLA-DPB1/NCF1/LAG3/NCF4/CYBB/KIF4A",14
"GO:0016447","somatic recombination of immunoglobulin gene segments","7/507","52/18670",0.000485269512322267,0.00562079923296354,0.00462902683351948,"PTPRC/CD28/CCR6/AICDA/BATF/TBX21/CD40LG",7
"GO:0001562","response to protozoan","5/507","25/18670",0.00049045479692033,0.0056308813194812,0.00463732996748563,"IRF4/TSPAN32/CCDC88B/BATF/IRF8",5
"GO:0002507","tolerance induction","5/507","25/18670",0.00049045479692033,0.0056308813194812,0.00463732996748563,"ICOS/PDCD1/CCR4/CD3E/AIRE",5
"GO:0002719","negative regulation of cytokine production involved in immune response","5/507","25/18670",0.00049045479692033,0.0056308813194812,0.00463732996748563,"XCL1/CD96/TNF/TBX21/LILRB1",5
"GO:0007229","integrin-mediated signaling pathway","10/507","103/18670",0.000492155344689239,0.00563388355104787,0.00463980246470649,"FYB2/PLEK/ITGA4/FYB1/TSPAN32/ITGB7/ITGAL/ITGAD/VAV1/ITGB2",10
"GO:0033627","cell adhesion mediated by integrin","8/507","68/18670",0.000495089364784572,0.00565094712283265,0.00465385522275631,"FYB2/ITGA4/CXCL13/CD3E/ITGB7/NCKAP1L/SKAP1/ITGB2",8
"GO:0032620","interleukin-17 production","6/507","38/18670",0.000513484783043537,0.00584387478376583,0.00481274140288358,"SLAMF6/LY9/NCKAP1L/IFNG/NR1H4/NOD2",6
"GO:0032760","positive regulation of tumor necrosis factor production","9/507","86/18670",0.000538659492978701,0.00611261424641048,0.00503406263003436,"CD2/PTPRC/CCR2/IFNG/RASGRP1/SPN/NOD2/CYBB/SASH3",9
"GO:0002758","innate immune response-activating signal transduction","19/507","298/18670",0.000540765402746932,0.00611877616113941,0.00503913729423137,"GFI1/PTPN22/FCRL3/TLR10/TLR6/IRGM/IRF4/CARD11/NLRP6/KLRK1/NR1H4/NOD2/CD300LF/ICAM3/PGLYRP2/LILRA4/ITGB2/TLR7/BTK",19
"GO:0032715","negative regulation of interleukin-6 production","7/507","53/18670",0.000546227703334684,0.00614506166251519,0.00506078480131318,"PTPN22/SLAMF1/INPP5D/TNF/NCKAP1L/NR1H4/NLRC3",7
"GO:0050702","interleukin-1 beta secretion","7/507","53/18670",0.000546227703334684,0.00614506166251519,0.00506078480131318,"GBP5/AIM2/TLR6/CARD17/NOD2/CCR7/NLRP7",7
"GO:0050708","regulation of protein secretion","26/507","472/18670",0.000550432324504067,0.00617462048834791,0.0050851280650157,"PTPN22/CD2/AIM2/CD244/FCGR2B/TLR10/TLR6/TNF/BLK/SLC30A8/CARD17/CRTAM/IFNG/IL26/NR1H4/CHGA/RASGRP1/NOD2/LGALS9B/CCR7/SYT4/CD22/KCNN4/LILRB1/NLRP7/CD40LG",26
"GO:2001185","regulation of CD8-positive, alpha-beta T cell activation","4/507","15/18670",0.000578001057625006,0.006465354687434,0.00532456312633201,"RUNX3/XCL1/NCKAP1L/LILRB1",4
"GO:0071624","positive regulation of granulocyte chemotaxis","5/507","26/18670",0.000593794250138576,0.00662308971308412,0.00545446630131791,"XCL1/RIPOR2/NCKAP1L/CCR7/RAC2",5
"GO:0032720","negative regulation of tumor necrosis factor production","8/507","70/18670",0.000603108158440906,0.00668886243709957,0.00550863363442521,"PTPN22/SLAMF1/NR1H4/GPR18/NLRC3/ACP5/LILRA4/LILRB1",8
"GO:0034121","regulation of toll-like receptor signaling pathway","8/507","70/18670",0.000603108158440906,0.00668886243709957,0.00550863363442521,"GFI1/PTPN22/FCRL3/TLR6/IRF4/NLRP6/CD300LF/LILRA4",8
"GO:1903532","positive regulation of secretion by cell","23/507","399/18670",0.000612684957636135,0.00676160892439932,0.00556854423215302,"PTPN22/CD2/AIM2/CD244/KMO/CDK5R2/TNF/MYB/BLK/SLC30A8/CRTAM/IFNG/IL26/NR1H4/TNFSF11/RASGRP1/NOD2/LGALS9B/SYT4/GRP/KCNN4/NLRP7/ITGB2",23
"GO:0010524","positive regulation of calcium ion transport into cytosol","7/507","54/18670",0.000613121626605813,0.00676160892439932,0.00556854423215302,"XCL1/CXCL9/CXCL11/P2RX2/CD19/P2RX5/F2RL3",7
"GO:1903557","positive regulation of tumor necrosis factor superfamily cytokine production","9/507","88/18670",0.000638084110284027,0.007017132842028,0.00577898175576575,"CD2/PTPRC/CCR2/IFNG/RASGRP1/SPN/NOD2/CYBB/SASH3",9
"GO:0051057","positive regulation of small GTPase mediated signal transduction","8/507","71/18670",0.000663836979133841,0.00727989292243414,0.00599537864392438,"GPR55/GPR18/RASGRP1/RASGRF1/VAV1/F2RL3/P2RY10/GPR174",8
"GO:0043087","regulation of GTPase activity","26/507","479/18670",0.000684246387889624,0.00748275030331809,0.00616244247605386,"DEPDC1/ARHGAP30/XCL2/XCL1/RGS1/RHOH/CXCL13/DOCK2/FGD2/TAGAP/RASGRP2/TBC1D10C/KLRK1/NCKAP1L/ARHGAP9/RASGRP1/RASGRF1/CCL22/CCL17/ACAP1/CCR7/ARHGAP45/VAV1/RASAL3/SH3BP1/ARHGAP4",26
"GO:0032673","regulation of interleukin-4 production","5/507","27/18670",0.000712634319006505,0.00772843035709271,0.00636477305472204,"CD28/IRF4/CD3E/SASH3/CD40LG",5
"GO:0036336","dendritic cell migration","5/507","27/18670",0.000712634319006505,0.00772843035709271,0.00636477305472204,"CXCR4/CCR2/CCR5/CCR6/CCR7",5
"GO:1901623","regulation of lymphocyte chemotaxis","5/507","27/18670",0.000712634319006505,0.00772843035709271,0.00636477305472204,"XCL2/XCL1/CCR2/CXCL13/KLRK1",5
"GO:1903556","negative regulation of tumor necrosis factor superfamily cytokine production","8/507","72/18670",0.000729400490169789,0.00788840585363183,0.00649652137653406,"PTPN22/SLAMF1/NR1H4/GPR18/NLRC3/ACP5/LILRA4/LILRB1",8
"GO:0050728","negative regulation of inflammatory response","13/507","169/18670",0.000731997367946969,0.00789468235678342,0.00650169041038586,"CNR2/TNFAIP8L2/FCGR2B/PTPRC/PBK/NLRP6/NR1H4/NLRC3/ADCY7/ACP5/SIGLEC10/NLRP7/CST7",13
"GO:0043547","positive regulation of GTPase activity","23/507","405/18670",0.000750600309406628,0.00804567593117112,0.00662604164204534,"DEPDC1/ARHGAP30/XCL2/XCL1/RGS1/CXCL13/DOCK2/TAGAP/RASGRP2/TBC1D10C/NCKAP1L/ARHGAP9/RASGRP1/RASGRF1/CCL22/CCL17/ACAP1/CCR7/ARHGAP45/VAV1/RASAL3/SH3BP1/ARHGAP4",23
"GO:0010820","positive regulation of T cell chemotaxis","4/507","16/18670",0.000754217896996118,0.00804567593117112,0.00662604164204534,"XCL2/XCL1/CCR2/CXCL13",4
"GO:0032695","negative regulation of interleukin-12 production","4/507","16/18670",0.000754217896996118,0.00804567593117112,0.00662604164204534,"SLAMF1/TIGIT/ACP5/LILRB1",4
"GO:0033631","cell-cell adhesion mediated by integrin","4/507","16/18670",0.000754217896996118,0.00804567593117112,0.00662604164204534,"ITGA4/CXCL13/CD3E/SKAP1",4
"GO:0030890","positive regulation of B cell proliferation","6/507","41/18670",0.00078079167342951,0.00830652011270796,0.00684086068568246,"FCRL3/PTPRC/CARD11/NCKAP1L/TNFRSF13C/SASH3",6
"GO:0006801","superoxide metabolic process","8/507","73/18670",0.000800076118656935,0.00848861247843334,0.00699082342446497,"TNF/NCF1B/NCF1/NCF1C/ACP5/ITGB2/NCF4/CYBB",8
"GO:0060333","interferon-gamma-mediated signaling pathway","9/507","91/18670",0.000814913069584353,0.00862266126330471,0.00710121972158428,"TXK/IRGM/IRF4/HLA-DQA1/HLA-DQB2/HLA-DPB1/IFNG/CIITA/IRF8",9
"GO:0050858","negative regulation of antigen receptor-mediated signaling pathway","5/507","28/18670",0.000848385696984938,0.00895264151939632,0.00737297599621185,"PTPN22/FCRL3/FCGR2B/CD22/UBASH3A",5
"GO:0098813","nuclear chromosome segregation","17/507","262/18670",0.000858727330591338,0.00903741263243304,0.00744278951217111,"NUF2/KIF14/NEK2/BUB1/SGO1/NCAPG/ESCO2/DLGAP5/NUSAP1/RMI2/HASPIN/AURKB/TOP2A/KIF18B/BRIP1/MEI1/KIF4A",17
"GO:0031348","negative regulation of defense response","16/507","239/18670",0.000867778430700145,0.0091081837967589,0.00750107332646972,"CNR2/TNFAIP8L2/FCGR2B/PTPRC/CR1/CD96/PBK/NLRP6/NR1H4/NLRC3/ADCY7/ACP5/SIGLEC10/LILRB1/NLRP7/CST7",16
"GO:0000070","mitotic sister chromatid segregation","12/507","151/18670",0.000870739480509833,0.0091148263802032,0.00750654384689451,"NUF2/KIF14/NEK2/BUB1/SGO1/NCAPG/DLGAP5/NUSAP1/HASPIN/AURKB/KIF18B/KIF4A",12
"GO:0032677","regulation of interleukin-8 production","8/507","74/18670",0.000876150126421551,0.00912268017271376,0.00751301186234382,"PTPN22/CD2/CD244/PTPRC/TLR6/TNF/NOD2/TLR7",8
"GO:0050710","negative regulation of cytokine secretion","8/507","74/18670",0.000876150126421551,0.00912268017271376,0.00751301186234382,"PTPN22/FCGR2B/TLR6/TNF/CARD17/NR1H4/LILRB1/NLRP7",8
"GO:0002639","positive regulation of immunoglobulin production","6/507","42/18670",0.000890319797319209,0.00924562866446871,0.00761426647825977,"XCL1/PTPRC/CD28/MZB1/TBX21/SASH3",6
"GO:1902850","microtubule cytoskeleton organization involved in mitosis","11/507","131/18670",0.000899353481520971,0.00931473248718149,0.00767117714814463,"NUF2/NEK2/CENPA/SPC25/NUSAP1/AURKB/BIRC5/FSD1/TPX2/MYBL2/KIF4A",11
"GO:0002793","positive regulation of peptide secretion","18/507","288/18670",0.000943273045241794,0.00974383633805177,0.00802456697007531,"PTPN22/CD2/AIM2/CD244/TNF/BLK/SLC30A8/CRTAM/IFNG/IL26/NR1H4/TNFSF11/RASGRP1/NOD2/LGALS9B/GRP/KCNN4/NLRP7",18
"GO:0150076","neuroinflammatory response","8/507","75/18670",0.000957917540349604,0.00984104567934617,0.00810462402791889,"PTPRC/TLR6/STAP1/TNF/IFNG/CST7/ITGB2/TLR7",8
"GO:0010819","regulation of T cell chemotaxis","4/507","17/18670",0.000965251990004835,0.00984104567934617,0.00810462402791889,"XCL2/XCL1/CCR2/CXCL13",4
"GO:0045072","regulation of interferon-gamma biosynthetic process","4/507","17/18670",0.000965251990004835,0.00984104567934617,0.00810462402791889,"EBI3/LILRB1/TNFRSF13C/TLR7",4
"GO:0048535","lymph node development","4/507","17/18670",0.000965251990004835,0.00984104567934617,0.00810462402791889,"IL7R/LTA/LTB/CXCR5",4
"GO:1904996","positive regulation of leukocyte adhesion to vascular endothelial cell","4/507","17/18670",0.000965251990004835,0.00984104567934617,0.00810462402791889,"ITGA4/CCR2/TNF/ITGB2",4
"GO:0045807","positive regulation of endocytosis","12/507","153/18670",0.000977169861873376,0.00993667534866043,0.00818338014194983,"FCGR2B/PTPRC/STAP1/DOCK2/TNF/C2/NCKAP1L/IFNG/CD300LF/SIRPG/IL2RB/IL2RG",12
